OLID,type,location
OL1051488A,{'key': '/type/author'},
OL1225776A,{'key': '/type/author'},belgique
OL1621415A,{'key': '/type/author'},
OL191248A,{'key': '/type/author'},Madrid
OL22155A,{'key': '/type/author'},
OL267581A,{'key': '/type/author'},Paris
OL2716007A,{'key': '/type/author'},
OL289140A,{'key': '/type/author'},
OL31676A,{'key': '/type/author'},
OL3183274A,{'key': '/type/author'},
OL38111A,{'key': '/type/author'},
OL4963981A,{'key': '/type/author'},
OL5303966A,{'key': '/type/redirect'},/authors/OL7855810A
OL3555798A,{'key': '/type/author'},
OL3252576A,{'key': '/type/delete'},
OL3564586A,{'key': '/type/redirect'},/authors/OL3268450A
OL4128799A,{'key': '/type/author'},
OL4279975A,{'key': '/type/author'},
OL682877A,{'key': '/type/author'},Mumbai India
OL96979A,{'key': '/type/author'},
OL444118A,{'key': '/type/author'},
OL5056780A,{'key': '/type/author'},
OL6629507A,{'key': '/type/author'},
OL6808474A,{'key': '/type/author'},"Wilmington, Delaware"
OL709121A,{'key': '/type/author'},
OL80172A,{'key': '/type/author'},
OL80396A,{'key': '/type/author'},D-10117 Berlin Germany
OL4641164A,{'key': '/type/author'},
OL6492928A,{'key': '/type/author'},"Arnhem, Bronbeek"
OL6607402A,{'key': '/type/author'},
OL980093A,{'key': '/type/author'},
OL3672628A,{'key': '/type/author'},?
OL990802A,{'key': '/type/author'},
OL4280768A,{'key': '/type/author'},
OL6804873A,{'key': '/type/author'},
OL353331A,{'key': '/type/author'},
OL4134129A,{'key': '/type/author'},
OL510199A,{'key': '/type/author'},France
OL5993237A,{'key': '/type/author'},
OL6546102A,{'key': '/type/author'},"Washington, DC"
OL6632937A,{'key': '/type/author'},
OL674581A,{'key': '/type/author'},
OL849503A,{'key': '/type/author'},"England, UK"
OL3545691A,{'key': '/type/author'},
OL428006A,{'key': '/type/author'},
OL6555693A,{'key': '/type/author'},
OL6767195A,{'key': '/type/author'},
OL6787852A,{'key': '/type/author'},
OL73193A,{'key': '/type/author'},
OL91522A,{'key': '/type/author'},"Paris, France"
OL379086A,{'key': '/type/author'},Singapore
OL6744377A,{'key': '/type/author'},
OL785143A,{'key': '/type/author'},Germany
OL3255006A,{'key': '/type/author'},
OL563762A,{'key': '/type/author'},
OL618991A,{'key': '/type/author'},
OL71477A,{'key': '/type/author'},
OL983786A,{'key': '/type/author'},
OL4847283A,{'key': '/type/author'},
OL610546A,{'key': '/type/author'},
OL76437A,{'key': '/type/author'},
OL4542456A,{'key': '/type/author'},
OL666139A,{'key': '/type/author'},"England, U.K."
OL79039A,{'key': '/type/author'},
OL874506A,{'key': '/type/author'},
OL373518A,{'key': '/type/author'},
OL37436A,{'key': '/type/author'},
OL477936A,{'key': '/type/author'},
OL5828988A,{'key': '/type/author'},
OL736164A,{'key': '/type/author'},
OL3558131A,{'key': '/type/author'},
OL4648611A,{'key': '/type/author'},
OL6804126A,{'key': '/type/author'},
OL693561A,{'key': '/type/author'},
OL3742224A,{'key': '/type/author'},
OL478179A,{'key': '/type/author'},
OL83579A,{'key': '/type/author'},
OL345130A,{'key': '/type/author'},
OL3942542A,{'key': '/type/redirect'},/authors/OL32271A
OL6310071A,{'key': '/type/author'},"Fukuoka, Japan"
OL6804862A,{'key': '/type/author'},
OL699162A,{'key': '/type/author'},alwar
OL3284029A,{'key': '/type/author'},Kinston  N.C.
OL4509220A,{'key': '/type/author'},Japan
OL463059A,{'key': '/type/author'},
OL6718897A,{'key': '/type/author'},
OL740723A,{'key': '/type/author'},
OL77056A,{'key': '/type/author'},
OL798548A,{'key': '/type/author'},
OL559601A,{'key': '/type/author'},
OL5830374A,{'key': '/type/author'},
OL6716143A,{'key': '/type/author'},
OL41504A,{'key': '/type/author'},
OL4979933A,{'key': '/type/author'},
OL563911A,{'key': '/type/author'},Brazil
OL736249A,{'key': '/type/author'},
OL901092A,{'key': '/type/author'},
OL68224A,{'key': '/type/author'},
OL369579A,{'key': '/type/author'},"New York, NY"
OL897417A,{'key': '/type/author'},
OL89989A,{'key': '/type/author'},
OL916626A,{'key': '/type/author'},
OL39084A,{'key': '/type/author'},
OL6125246A,{'key': '/type/author'},
OL928958A,{'key': '/type/author'},
OL33439A,{'key': '/type/author'},
OL6355425A,{'key': '/type/author'},
OL6461794A,{'key': '/type/author'},Nigeria
OL910232A,{'key': '/type/author'},
OL933874A,{'key': '/type/author'},
OL4587420A,{'key': '/type/redirect'},/authors/OL3194718A
OL5822557A,{'key': '/type/author'},
OL6595631A,{'key': '/type/redirect'},/authors/OL3732753A
OL6804116A,{'key': '/type/author'},
OL866744A,{'key': '/type/author'},
OL52926A,{'key': '/type/author'},
OL5303966A,{'key': '/type/redirect'},/authors/OL7855810A
OL682877A,{'key': '/type/author'},Mumbai India
OL96979A,{'key': '/type/author'},
OL6629507A,{'key': '/type/author'},
OL6808474A,{'key': '/type/author'},"Wilmington, Delaware"
OL709121A,{'key': '/type/author'},
OL80172A,{'key': '/type/author'},
OL80396A,{'key': '/type/author'},D-10117 Berlin Germany
OL6492928A,{'key': '/type/author'},"Arnhem, Bronbeek"
OL6607402A,{'key': '/type/author'},
OL980093A,{'key': '/type/author'},
OL990802A,{'key': '/type/author'},
OL6804873A,{'key': '/type/author'},
OL5993237A,{'key': '/type/author'},
OL6546102A,{'key': '/type/author'},"Washington, DC"
OL6632937A,{'key': '/type/author'},
OL674581A,{'key': '/type/author'},
OL849503A,{'key': '/type/author'},"England, UK"
OL6555693A,{'key': '/type/author'},
OL6767195A,{'key': '/type/author'},
OL6787852A,{'key': '/type/author'},
OL73193A,{'key': '/type/author'},
OL91522A,{'key': '/type/author'},"Paris, France"
OL6744377A,{'key': '/type/author'},
OL785143A,{'key': '/type/author'},Germany
OL563762A,{'key': '/type/author'},
OL618991A,{'key': '/type/author'},
OL71477A,{'key': '/type/author'},
OL983786A,{'key': '/type/author'},
OL610546A,{'key': '/type/author'},
OL76437A,{'key': '/type/author'},
OL666139A,{'key': '/type/author'},"England, U.K."
OL79039A,{'key': '/type/author'},
OL874506A,{'key': '/type/author'},
OL5828988A,{'key': '/type/author'},
OL736164A,{'key': '/type/author'},
OL6804126A,{'key': '/type/author'},
OL693561A,{'key': '/type/author'},
OL83579A,{'key': '/type/author'},
OL6310071A,{'key': '/type/author'},"Fukuoka, Japan"
OL6804862A,{'key': '/type/author'},
OL699162A,{'key': '/type/author'},alwar
OL6718897A,{'key': '/type/author'},
OL740723A,{'key': '/type/author'},
OL77056A,{'key': '/type/author'},
OL798548A,{'key': '/type/author'},
OL559601A,{'key': '/type/author'},
OL5830374A,{'key': '/type/author'},
OL6716143A,{'key': '/type/author'},
OL563911A,{'key': '/type/author'},Brazil
OL736249A,{'key': '/type/author'},
OL901092A,{'key': '/type/author'},
OL68224A,{'key': '/type/author'},
OL897417A,{'key': '/type/author'},
OL89989A,{'key': '/type/author'},
OL916626A,{'key': '/type/author'},
OL6125246A,{'key': '/type/author'},
OL928958A,{'key': '/type/author'},
OL6355425A,{'key': '/type/author'},
OL6461794A,{'key': '/type/author'},Nigeria
OL910232A,{'key': '/type/author'},
OL933874A,{'key': '/type/author'},
OL5822557A,{'key': '/type/author'},
OL6595631A,{'key': '/type/redirect'},/authors/OL3732753A
OL6804116A,{'key': '/type/author'},
OL866744A,{'key': '/type/author'},
OL640704A,{'key': '/type/author'},
OL54452A,{'key': '/type/author'},
OL607234A,{'key': '/type/author'},
OL6085163A,{'key': '/type/author'},
OL63681A,{'key': '/type/author'},
OL909874A,{'key': '/type/author'},
OL6598359A,{'key': '/type/author'},"Lampung, Indonesia"
OL6604109A,{'key': '/type/author'},
OL560261A,{'key': '/type/author'},
OL6342831A,{'key': '/type/author'},
OL723408A,{'key': '/type/author'},
OL8A,{'key': '/type/author'},
OL55300A,{'key': '/type/author'},
OL650705A,{'key': '/type/author'},
OL575777A,{'key': '/type/author'},
OL6265668A,{'key': '/type/author'},
OL610865A,{'key': '/type/author'},
OL6645093A,{'key': '/type/author'},"Victoria, BC"
OL79880A,{'key': '/type/author'},
OL53589A,{'key': '/type/author'},
OL5538897A,{'key': '/type/author'},
OL5986301A,{'key': '/type/author'},
OL6468602A,{'key': '/type/author'},
OL620859A,{'key': '/type/author'},google
OL6225957A,{'key': '/type/redirect'},/authors/OL814126A
OL6647924A,{'key': '/type/author'},
OL5791682A,{'key': '/type/author'},"Belgrade, Serbia"
OL587924A,{'key': '/type/author'},
OL572191A,{'key': '/type/author'},
OL5858139A,{'key': '/type/author'},
OL6556662A,{'key': '/type/author'},UK
OL6729430A,{'key': '/type/redirect'},/authors/OL53370A
OL673337A,{'key': '/type/author'},
OL777032A,{'key': '/type/author'},
OL95189A,{'key': '/type/author'},"Swakopmund, Namibia"
OL824133A,{'key': '/type/author'},
OL6787653A,{'key': '/type/author'},
OL5841040A,{'key': '/type/author'},City of Gorky (USSR)
OL61868A,{'key': '/type/author'},
OL755818A,{'key': '/type/author'},
OL78044A,{'key': '/type/author'},
OL5312866A,{'key': '/type/author'},
OL61862A,{'key': '/type/author'},
OL6837474A,{'key': '/type/author'},
OL6407436A,{'key': '/type/author'},
OL6603757A,{'key': '/type/author'},
OL59265A,{'key': '/type/author'},
OL7542A,{'key': '/type/author'},
OL559200A,{'key': '/type/author'},
OL6035408A,{'key': '/type/author'},
OL6805612A,{'key': '/type/author'},
OL891A,{'key': '/type/author'},
OL631430A,{'key': '/type/author'},"Fort Collins, CO"
OL693025A,{'key': '/type/author'},
OL6744914A,{'key': '/type/author'},
OL788637A,{'key': '/type/author'},
OL6413356A,{'key': '/type/author'},
OL6764043A,{'key': '/type/author'},
OL6770404A,{'key': '/type/author'},
OL5322435A,{'key': '/type/author'},
OL76311A,{'key': '/type/author'},
OL976308A,{'key': '/type/author'},
OL657567A,{'key': '/type/author'},
OL734858A,{'key': '/type/author'},
OL897344A,{'key': '/type/author'},"Lanreath, Cornwall, UK"
OL906693A,{'key': '/type/author'},
OL767343A,{'key': '/type/author'},"Paris, France"
OL851165A,{'key': '/type/author'},
OL89104A,{'key': '/type/author'},
OL9491A,{'key': '/type/author'},
OL6764044A,{'key': '/type/author'},
OL552392A,{'key': '/type/author'},
OL6604112A,{'key': '/type/author'},
OL96536A,{'key': '/type/author'},
OL5993238A,{'key': '/type/author'},
OL6349017A,{'key': '/type/author'},
OL699487A,{'key': '/type/author'},
OL85579A,{'key': '/type/author'},
OL9388A,{'key': '/type/author'},
OL6725661A,{'key': '/type/author'},Thailand
OL916454A,{'key': '/type/author'},"Glastonbury, Somerset, England"
OL5312549A,{'key': '/type/author'},
OL6411595A,{'key': '/type/author'},
OL6773499A,{'key': '/type/author'},
OL544334A,{'key': '/type/author'},"Bay Village, Ohio"
OL5434258A,{'key': '/type/author'},"Dublin, Ireland"
OL5862815A,{'key': '/type/author'},"Palomar Mountain, California"
OL715600A,{'key': '/type/author'},
OL843187A,{'key': '/type/author'},U.S.A.
OL531534A,{'key': '/type/author'},
OL652072A,{'key': '/type/author'},JAKARTA
OL813063A,{'key': '/type/author'},
OL8909A,{'key': '/type/author'},
OL622941A,{'key': '/type/author'},
OL747772A,{'key': '/type/author'},South Africa
OL6604111A,{'key': '/type/author'},
OL5378162A,{'key': '/type/author'},
OL6089313A,{'key': '/type/author'},
OL69521A,{'key': '/type/author'},
OL618474A,{'key': '/type/author'},
OL767133A,{'key': '/type/author'},"Los Angeles, CA"
OL6474981A,{'key': '/type/redirect'},/authors/OL4965572A
OL708391A,{'key': '/type/author'},"Tehran, Iran"
OL676188A,{'key': '/type/author'},
OL72455A,{'key': '/type/author'},
OL88812A,{'key': '/type/author'},
OL5445040A,{'key': '/type/author'},
OL713582A,{'key': '/type/author'},
OL6499961A,{'key': '/type/author'},"Belgrade, Serbia"
OL6744868A,{'key': '/type/author'},
OL6783960A,{'key': '/type/author'},
OL6639447A,{'key': '/type/author'},
OL9526A,{'key': '/type/author'},
OL5872381A,{'key': '/type/redirect'},/authors/OL443951A
OL813099A,{'key': '/type/author'},
OL5445936A,{'key': '/type/author'},
OL642383A,{'key': '/type/author'},
OL6502947A,{'key': '/type/author'},
OL89244A,{'key': '/type/author'},España
OL6556667A,{'key': '/type/redirect'},/authors/OL5328083A
OL735313A,{'key': '/type/author'},
OL6503774A,{'key': '/type/author'},
OL67085A,{'key': '/type/author'},
OL6783218A,{'key': '/type/author'},
OL774034A,{'key': '/type/author'},
OL898551A,{'key': '/type/author'},
OL6809325A,{'key': '/type/author'},"New York, NY"
OL802799A,{'key': '/type/author'},
OL643512A,{'key': '/type/author'},
OL5562614A,{'key': '/type/author'},
OL6004951A,{'key': '/type/author'},
OL6149255A,{'key': '/type/author'},"Québec, Canada"
OL6744965A,{'key': '/type/author'},
OL772034A,{'key': '/type/author'},"Meridian Township, IN"
OL812153A,{'key': '/type/author'},
OL6556250A,{'key': '/type/author'},
OL660097A,{'key': '/type/author'},
OL746963A,{'key': '/type/author'},
OL54952A,{'key': '/type/author'},
OL75391A,{'key': '/type/author'},
OL828569A,{'key': '/type/author'},
OL89386A,{'key': '/type/author'},
OL956671A,{'key': '/type/author'},
OL600007A,{'key': '/type/author'},U.S.A.
OL6604114A,{'key': '/type/author'},
OL682877A,{'key': '/type/author'},Mumbai India
OL96979A,{'key': '/type/author'},
OL6629507A,{'key': '/type/author'},
OL6808474A,{'key': '/type/author'},"Wilmington, Delaware"
OL709121A,{'key': '/type/author'},
OL80172A,{'key': '/type/author'},
OL80396A,{'key': '/type/author'},D-10117 Berlin Germany
OL6607402A,{'key': '/type/author'},
OL980093A,{'key': '/type/author'},
OL990802A,{'key': '/type/author'},
OL6804873A,{'key': '/type/author'},
OL6632937A,{'key': '/type/author'},
OL674581A,{'key': '/type/author'},
OL849503A,{'key': '/type/author'},"England, UK"
OL6767195A,{'key': '/type/author'},
OL6787852A,{'key': '/type/author'},
OL73193A,{'key': '/type/author'},
OL91522A,{'key': '/type/author'},"Paris, France"
OL6744377A,{'key': '/type/author'},
OL785143A,{'key': '/type/author'},Germany
OL71477A,{'key': '/type/author'},
OL983786A,{'key': '/type/author'},
OL76437A,{'key': '/type/author'},
OL666139A,{'key': '/type/author'},"England, U.K."
OL79039A,{'key': '/type/author'},
OL874506A,{'key': '/type/author'},
OL736164A,{'key': '/type/author'},
OL6804126A,{'key': '/type/author'},
OL693561A,{'key': '/type/author'},
OL83579A,{'key': '/type/author'},
OL6804862A,{'key': '/type/author'},
OL699162A,{'key': '/type/author'},alwar
OL6718897A,{'key': '/type/author'},
OL740723A,{'key': '/type/author'},
OL77056A,{'key': '/type/author'},
OL798548A,{'key': '/type/author'},
OL6716143A,{'key': '/type/author'},
OL736249A,{'key': '/type/author'},
OL901092A,{'key': '/type/author'},
OL68224A,{'key': '/type/author'},
OL897417A,{'key': '/type/author'},
OL89989A,{'key': '/type/author'},
OL916626A,{'key': '/type/author'},
OL928958A,{'key': '/type/author'},
OL910232A,{'key': '/type/author'},
OL933874A,{'key': '/type/author'},
OL6804116A,{'key': '/type/author'},
OL866744A,{'key': '/type/author'},
OL909874A,{'key': '/type/author'},
OL723408A,{'key': '/type/author'},
OL8A,{'key': '/type/author'},
OL6645093A,{'key': '/type/author'},"Victoria, BC"
OL79880A,{'key': '/type/author'},
OL6647924A,{'key': '/type/author'},
OL6729430A,{'key': '/type/redirect'},/authors/OL53370A
OL673337A,{'key': '/type/author'},
OL777032A,{'key': '/type/author'},
OL95189A,{'key': '/type/author'},"Swakopmund, Namibia"
OL824133A,{'key': '/type/author'},
OL6787653A,{'key': '/type/author'},
OL755818A,{'key': '/type/author'},
OL78044A,{'key': '/type/author'},
OL6837474A,{'key': '/type/author'},
OL7542A,{'key': '/type/author'},
OL6805612A,{'key': '/type/author'},
OL891A,{'key': '/type/author'},
OL693025A,{'key': '/type/author'},
OL6744914A,{'key': '/type/author'},
OL788637A,{'key': '/type/author'},
OL6764043A,{'key': '/type/author'},
OL6770404A,{'key': '/type/author'},
OL76311A,{'key': '/type/author'},
OL976308A,{'key': '/type/author'},
OL734858A,{'key': '/type/author'},
OL897344A,{'key': '/type/author'},"Lanreath, Cornwall, UK"
OL906693A,{'key': '/type/author'},
OL767343A,{'key': '/type/author'},"Paris, France"
OL851165A,{'key': '/type/author'},
OL89104A,{'key': '/type/author'},
OL9491A,{'key': '/type/author'},
OL6764044A,{'key': '/type/author'},
OL96536A,{'key': '/type/author'},
OL699487A,{'key': '/type/author'},
OL85579A,{'key': '/type/author'},
OL9388A,{'key': '/type/author'},
OL6725661A,{'key': '/type/author'},Thailand
OL916454A,{'key': '/type/author'},"Glastonbury, Somerset, England"
OL6773499A,{'key': '/type/author'},
OL715600A,{'key': '/type/author'},
OL843187A,{'key': '/type/author'},U.S.A.
OL813063A,{'key': '/type/author'},
OL8909A,{'key': '/type/author'},
OL747772A,{'key': '/type/author'},South Africa
OL69521A,{'key': '/type/author'},
OL767133A,{'key': '/type/author'},"Los Angeles, CA"
OL708391A,{'key': '/type/author'},"Tehran, Iran"
OL676188A,{'key': '/type/author'},
OL72455A,{'key': '/type/author'},
OL88812A,{'key': '/type/author'},
OL713582A,{'key': '/type/author'},
OL6744868A,{'key': '/type/author'},
OL6783960A,{'key': '/type/author'},
OL6639447A,{'key': '/type/author'},
OL9526A,{'key': '/type/author'},
OL813099A,{'key': '/type/author'},
OL89244A,{'key': '/type/author'},España
OL735313A,{'key': '/type/author'},
OL67085A,{'key': '/type/author'},
OL6783218A,{'key': '/type/author'},
OL774034A,{'key': '/type/author'},
OL898551A,{'key': '/type/author'},
OL6809325A,{'key': '/type/author'},"New York, NY"
OL802799A,{'key': '/type/author'},
OL6744965A,{'key': '/type/author'},
OL772034A,{'key': '/type/author'},"Meridian Township, IN"
OL812153A,{'key': '/type/author'},
OL746963A,{'key': '/type/author'},
OL75391A,{'key': '/type/author'},
OL828569A,{'key': '/type/author'},
OL89386A,{'key': '/type/author'},
OL956671A,{'key': '/type/author'},
OL725400A,{'key': '/type/author'},
OL678816A,{'key': '/type/author'},"Belgrade, Serbia"
OL7478518A,{'key': '/type/author'},"Norsewood, New Zealand"
OL6784280A,{'key': '/type/author'},
OL896624A,{'key': '/type/author'},Surrey
OL68297A,{'key': '/type/author'},
OL902456A,{'key': '/type/author'},
OL954314A,{'key': '/type/author'},
OL961225A,{'key': '/type/author'},
OL702280A,{'key': '/type/author'},
OL823285A,{'key': '/type/author'},
OL853415A,{'key': '/type/author'},
OL763836A,{'key': '/type/author'},
OL726806A,{'key': '/type/author'},"London, U.K."
OL6770843A,{'key': '/type/redirect'},/authors/OL74447A
OL9348793A,{'key': '/type/author'},
OL995700A,{'key': '/type/author'},
OL6719018A,{'key': '/type/author'},
OL86483A,{'key': '/type/author'},"Savoy, France"
OL6804870A,{'key': '/type/author'},
OL821166A,{'key': '/type/author'},
OL817885A,{'key': '/type/author'},Colombia
OL84412A,{'key': '/type/author'},DKI Jakarta
OL6805786A,{'key': '/type/author'},
OL71851A,{'key': '/type/author'},
OL86543A,{'key': '/type/author'},
OL745928A,{'key': '/type/author'},
OL769457A,{'key': '/type/author'},
OL900776A,{'key': '/type/author'},"Auckland, Aotearoa/New Zealand"
OL700365A,{'key': '/type/author'},"N0.167, 9th F Main, BTM Layout , 1st Stage, Bangalore-560029, India, Ph-91-08041202029, 9845292730"
OL6809536A,{'key': '/type/author'},
OL6804124A,{'key': '/type/author'},
OL961076A,{'key': '/type/author'},
OL6612468A,{'key': '/type/author'},"Belgrade, Serbia"
OL776899A,{'key': '/type/author'},
OL748543A,{'key': '/type/author'},
OL966838A,{'key': '/type/author'},
OL74469A,{'key': '/type/author'},
OL669172A,{'key': '/type/author'},
OL694298A,{'key': '/type/author'},
OL736396A,{'key': '/type/author'},
OL841194A,{'key': '/type/author'},
OL975486A,{'key': '/type/author'},queli importa
OL712383A,{'key': '/type/author'},
OL738028A,{'key': '/type/author'},USA
OL73627A,{'key': '/type/author'},
OL862151A,{'key': '/type/author'},
OL934033A,{'key': '/type/author'},
OL68998A,{'key': '/type/author'},"Hudson Valley, NY"
OL817294A,{'key': '/type/author'},Paradela (Lugo)
OL665329A,{'key': '/type/author'},
OL819521A,{'key': '/type/author'},
OL689566A,{'key': '/type/author'},
OL6804825A,{'key': '/type/redirect'},/authors/OL916588A
OL682877A,{'key': '/type/author'},Mumbai India
OL96979A,{'key': '/type/author'},
OL6808474A,{'key': '/type/author'},"Wilmington, Delaware"
OL709121A,{'key': '/type/author'},
OL80172A,{'key': '/type/author'},
OL80396A,{'key': '/type/author'},D-10117 Berlin Germany
OL980093A,{'key': '/type/author'},
OL990802A,{'key': '/type/author'},
OL6804873A,{'key': '/type/author'},
OL849503A,{'key': '/type/author'},"England, UK"
OL73193A,{'key': '/type/author'},
OL91522A,{'key': '/type/author'},"Paris, France"
OL785143A,{'key': '/type/author'},Germany
OL71477A,{'key': '/type/author'},
OL983786A,{'key': '/type/author'},
OL76437A,{'key': '/type/author'},
OL79039A,{'key': '/type/author'},
OL874506A,{'key': '/type/author'},
OL736164A,{'key': '/type/author'},
OL693561A,{'key': '/type/author'},
OL83579A,{'key': '/type/author'},
OL6804862A,{'key': '/type/author'},
OL699162A,{'key': '/type/author'},alwar
OL740723A,{'key': '/type/author'},
OL77056A,{'key': '/type/author'},
OL798548A,{'key': '/type/author'},
OL736249A,{'key': '/type/author'},
OL901092A,{'key': '/type/author'},
OL68224A,{'key': '/type/author'},
OL897417A,{'key': '/type/author'},
OL89989A,{'key': '/type/author'},
OL916626A,{'key': '/type/author'},
OL928958A,{'key': '/type/author'},
OL910232A,{'key': '/type/author'},
OL933874A,{'key': '/type/author'},
OL866744A,{'key': '/type/author'},
OL909874A,{'key': '/type/author'},
OL723408A,{'key': '/type/author'},
OL8A,{'key': '/type/author'},
OL79880A,{'key': '/type/author'},
OL777032A,{'key': '/type/author'},
OL95189A,{'key': '/type/author'},"Swakopmund, Namibia"
OL824133A,{'key': '/type/author'},
OL755818A,{'key': '/type/author'},
OL78044A,{'key': '/type/author'},
OL6837474A,{'key': '/type/author'},
OL7542A,{'key': '/type/author'},
OL6805612A,{'key': '/type/author'},
OL891A,{'key': '/type/author'},
OL693025A,{'key': '/type/author'},
OL788637A,{'key': '/type/author'},
OL76311A,{'key': '/type/author'},
OL976308A,{'key': '/type/author'},
OL734858A,{'key': '/type/author'},
OL897344A,{'key': '/type/author'},"Lanreath, Cornwall, UK"
OL906693A,{'key': '/type/author'},
OL767343A,{'key': '/type/author'},"Paris, France"
OL851165A,{'key': '/type/author'},
OL89104A,{'key': '/type/author'},
OL9491A,{'key': '/type/author'},
OL96536A,{'key': '/type/author'},
OL699487A,{'key': '/type/author'},
OL85579A,{'key': '/type/author'},
OL9388A,{'key': '/type/author'},
OL916454A,{'key': '/type/author'},"Glastonbury, Somerset, England"
OL715600A,{'key': '/type/author'},
OL843187A,{'key': '/type/author'},U.S.A.
OL813063A,{'key': '/type/author'},
OL8909A,{'key': '/type/author'},
OL747772A,{'key': '/type/author'},South Africa
OL69521A,{'key': '/type/author'},
OL767133A,{'key': '/type/author'},"Los Angeles, CA"
OL708391A,{'key': '/type/author'},"Tehran, Iran"
OL72455A,{'key': '/type/author'},
OL88812A,{'key': '/type/author'},
OL713582A,{'key': '/type/author'},
OL9526A,{'key': '/type/author'},
OL813099A,{'key': '/type/author'},
OL89244A,{'key': '/type/author'},España
OL735313A,{'key': '/type/author'},
OL774034A,{'key': '/type/author'},
OL898551A,{'key': '/type/author'},
OL6809325A,{'key': '/type/author'},"New York, NY"
OL802799A,{'key': '/type/author'},
OL772034A,{'key': '/type/author'},"Meridian Township, IN"
OL812153A,{'key': '/type/author'},
OL746963A,{'key': '/type/author'},
OL75391A,{'key': '/type/author'},
OL828569A,{'key': '/type/author'},
OL89386A,{'key': '/type/author'},
OL956671A,{'key': '/type/author'},
OL725400A,{'key': '/type/author'},
OL7478518A,{'key': '/type/author'},"Norsewood, New Zealand"
OL896624A,{'key': '/type/author'},Surrey
OL68297A,{'key': '/type/author'},
OL902456A,{'key': '/type/author'},
OL954314A,{'key': '/type/author'},
OL961225A,{'key': '/type/author'},
OL702280A,{'key': '/type/author'},
OL823285A,{'key': '/type/author'},
OL853415A,{'key': '/type/author'},
OL763836A,{'key': '/type/author'},
OL726806A,{'key': '/type/author'},"London, U.K."
OL9348793A,{'key': '/type/author'},
OL995700A,{'key': '/type/author'},
OL86483A,{'key': '/type/author'},"Savoy, France"
OL6804870A,{'key': '/type/author'},
OL821166A,{'key': '/type/author'},
OL817885A,{'key': '/type/author'},Colombia
OL84412A,{'key': '/type/author'},DKI Jakarta
OL6805786A,{'key': '/type/author'},
OL71851A,{'key': '/type/author'},
OL86543A,{'key': '/type/author'},
OL745928A,{'key': '/type/author'},
OL769457A,{'key': '/type/author'},
OL900776A,{'key': '/type/author'},"Auckland, Aotearoa/New Zealand"
OL700365A,{'key': '/type/author'},"N0.167, 9th F Main, BTM Layout , 1st Stage, Bangalore-560029, India, Ph-91-08041202029, 9845292730"
OL6809536A,{'key': '/type/author'},
OL961076A,{'key': '/type/author'},
OL776899A,{'key': '/type/author'},
OL748543A,{'key': '/type/author'},
OL966838A,{'key': '/type/author'},
OL74469A,{'key': '/type/author'},
OL694298A,{'key': '/type/author'},
OL736396A,{'key': '/type/author'},
OL841194A,{'key': '/type/author'},
OL975486A,{'key': '/type/author'},queli importa
OL712383A,{'key': '/type/author'},
OL738028A,{'key': '/type/author'},USA
OL73627A,{'key': '/type/author'},
OL862151A,{'key': '/type/author'},
OL934033A,{'key': '/type/author'},
OL68998A,{'key': '/type/author'},"Hudson Valley, NY"
OL817294A,{'key': '/type/author'},Paradela (Lugo)
OL819521A,{'key': '/type/author'},
OL689566A,{'key': '/type/author'},
OL71119A,{'key': '/type/author'},
OL795439A,{'key': '/type/author'},
OL846867A,{'key': '/type/author'},
OL884461A,{'key': '/type/author'},
OL843754A,{'key': '/type/author'},
OL7474A,{'key': '/type/author'},
OL6838259A,{'key': '/type/author'},
OL872749A,{'key': '/type/author'},España
OL789419A,{'key': '/type/author'},
OL792370A,{'key': '/type/author'},Graz
OL842242A,{'key': '/type/author'},
OL857234A,{'key': '/type/author'},
OL79165A,{'key': '/type/author'},
OL785943A,{'key': '/type/author'},Saarlouis
OL870598A,{'key': '/type/author'},
OL994225A,{'key': '/type/author'},
OL6893161A,{'key': '/type/author'},
OL741374A,{'key': '/type/author'},
OL88303A,{'key': '/type/author'},
OL893292A,{'key': '/type/author'},
OL891528A,{'key': '/type/author'},
OL91430A,{'key': '/type/author'},
OL75777A,{'key': '/type/author'},"Santa Cruz, CA"
OL816938A,{'key': '/type/author'},Barcelona
OL692469A,{'key': '/type/author'},
OL753328A,{'key': '/type/author'},
OL730408A,{'key': '/type/author'},
OL954189A,{'key': '/type/author'},
OL88731A,{'key': '/type/author'},
OL849505A,{'key': '/type/author'},
OL6859168A,{'key': '/type/author'},
OL716700A,{'key': '/type/author'},
OL798226A,{'key': '/type/author'},
OL973667A,{'key': '/type/author'},
OL7165A,{'key': '/type/author'},
OL927849A,{'key': '/type/author'},
OL71308A,{'key': '/type/author'},
OL933394A,{'key': '/type/author'},México
OL707888A,{'key': '/type/author'},Rabat
OL85504A,{'key': '/type/author'},
OL6926066A,{'key': '/type/author'},"USA, California, Livermore"
OL870783A,{'key': '/type/author'},
OL922891A,{'key': '/type/author'},
OL6886556A,{'key': '/type/author'},
OL814126A,{'key': '/type/author'},
OL761501A,{'key': '/type/author'},
OL796934A,{'key': '/type/author'},
OL79342A,{'key': '/type/author'},
OL740045A,{'key': '/type/author'},
OL776317A,{'key': '/type/author'},"1801 Bush Street, Suite 118, San Francisco, CA 94109"
OL922677A,{'key': '/type/author'},
OL891917A,{'key': '/type/author'},
OL74464A,{'key': '/type/author'},
OL985930A,{'key': '/type/author'},
OL715595A,{'key': '/type/author'},
OL88154A,{'key': '/type/author'},
OL957281A,{'key': '/type/author'},"Watertown, South Dakota"
OL916544A,{'key': '/type/author'},"Rio de Janeiro (Brazil) and Miami (Florida, USA("
OL745437A,{'key': '/type/author'},"New York City, NY"
OL86573A,{'key': '/type/author'},
OL929030A,{'key': '/type/author'},
OL964972A,{'key': '/type/author'},
OL82568A,{'key': '/type/author'},
OL7176585A,{'key': '/type/redirect'},/authors/OL119690A
OL96979A,{'key': '/type/author'},
OL80172A,{'key': '/type/author'},
OL80396A,{'key': '/type/author'},D-10117 Berlin Germany
OL980093A,{'key': '/type/author'},
OL990802A,{'key': '/type/author'},
OL849503A,{'key': '/type/author'},"England, UK"
OL73193A,{'key': '/type/author'},
OL91522A,{'key': '/type/author'},"Paris, France"
OL785143A,{'key': '/type/author'},Germany
OL983786A,{'key': '/type/author'},
OL76437A,{'key': '/type/author'},
OL79039A,{'key': '/type/author'},
OL874506A,{'key': '/type/author'},
OL736164A,{'key': '/type/author'},
OL83579A,{'key': '/type/author'},
OL740723A,{'key': '/type/author'},
OL77056A,{'key': '/type/author'},
OL798548A,{'key': '/type/author'},
OL736249A,{'key': '/type/author'},
OL901092A,{'key': '/type/author'},
OL897417A,{'key': '/type/author'},
OL89989A,{'key': '/type/author'},
OL916626A,{'key': '/type/author'},
OL928958A,{'key': '/type/author'},
OL910232A,{'key': '/type/author'},
OL96979A,{'key': '/type/author'},
OL980093A,{'key': '/type/author'},
OL990802A,{'key': '/type/author'},
OL91522A,{'key': '/type/author'},"Paris, France"
OL983786A,{'key': '/type/author'},
OL916626A,{'key': '/type/author'},
OL928958A,{'key': '/type/author'},
OL933874A,{'key': '/type/author'},
OL95189A,{'key': '/type/author'},"Swakopmund, Namibia"
OL976308A,{'key': '/type/author'},
OL9491A,{'key': '/type/author'},
OL96536A,{'key': '/type/author'},
OL9388A,{'key': '/type/author'},
OL916454A,{'key': '/type/author'},"Glastonbury, Somerset, England"
OL9526A,{'key': '/type/author'},
OL956671A,{'key': '/type/author'},
OL954314A,{'key': '/type/author'},
OL961225A,{'key': '/type/author'},
OL9348793A,{'key': '/type/author'},
OL995700A,{'key': '/type/author'},
OL961076A,{'key': '/type/author'},
OL966838A,{'key': '/type/author'},
OL975486A,{'key': '/type/author'},queli importa
OL934033A,{'key': '/type/author'},
OL994225A,{'key': '/type/author'},
OL91430A,{'key': '/type/author'},
OL954189A,{'key': '/type/author'},
OL973667A,{'key': '/type/author'},
OL927849A,{'key': '/type/author'},
OL933394A,{'key': '/type/author'},México
OL922891A,{'key': '/type/author'},
OL922677A,{'key': '/type/author'},
OL985930A,{'key': '/type/author'},
OL957281A,{'key': '/type/author'},"Watertown, South Dakota"
OL916544A,{'key': '/type/author'},"Rio de Janeiro (Brazil) and Miami (Florida, USA("
OL929030A,{'key': '/type/author'},
OL964972A,{'key': '/type/author'},
OL96979A,{'key': '/type/author'},
OL980093A,{'key': '/type/author'},
OL990802A,{'key': '/type/author'},
OL983786A,{'key': '/type/author'},
OL976308A,{'key': '/type/author'},
OL96536A,{'key': '/type/author'},
OL995700A,{'key': '/type/author'},
OL966838A,{'key': '/type/author'},
OL975486A,{'key': '/type/author'},queli importa
OL994225A,{'key': '/type/author'},
OL973667A,{'key': '/type/author'},
OL985930A,{'key': '/type/author'},
OL990802A,{'key': '/type/author'},
OL995700A,{'key': '/type/author'},
OL994225A,{'key': '/type/author'},
OL995700A,{'key': '/type/author'},
OL1052887A,{'key': '/type/author'},
OL1386169A,{'key': '/type/author'},CRICQUEVILLE NORMANDIE
OL1965389A,{'key': '/type/author'},
OL24950A,{'key': '/type/author'},
OL27695A,{'key': '/type/author'},
OL113768A,{'key': '/type/author'},
OL218549A,{'key': '/type/author'},
OL249668A,{'key': '/type/author'},
OL3039613A,{'key': '/type/author'},Philadelphia
OL152844A,{'key': '/type/author'},
OL156271A,{'key': '/type/author'},
OL19786A,{'key': '/type/author'},"Newark, New Jersey"
OL2241772A,{'key': '/type/author'},
OL22973A,{'key': '/type/author'},
OL25086A,{'key': '/type/author'},
OL3174201A,{'key': '/type/author'},Stuttgart
OL11697A,{'key': '/type/author'},"Aligarh, UP"
OL154921A,{'key': '/type/author'},
OL1980573A,{'key': '/type/author'},
OL22256A,{'key': '/type/author'},
OL307561A,{'key': '/type/author'},
OL183794A,{'key': '/type/author'},
OL1942446A,{'key': '/type/author'},
OL1049978A,{'key': '/type/author'},
OL194979A,{'key': '/type/author'},
OL198494A,{'key': '/type/author'},
OL2393213A,{'key': '/type/author'},
OL2570949A,{'key': '/type/author'},
OL26769A,{'key': '/type/author'},
OL2701649A,{'key': '/type/author'},"Hillsdale, MI"
OL274130A,{'key': '/type/author'},
OL122409A,{'key': '/type/author'},yuk
OL155274A,{'key': '/type/author'},
OL1619744A,{'key': '/type/author'},
OL2011206A,{'key': '/type/author'},
OL2374400A,{'key': '/type/author'},
OL106376A,{'key': '/type/author'},
OL256084A,{'key': '/type/author'},
OL1501363A,{'key': '/type/author'},
OL2023514A,{'key': '/type/author'},
OL3112958A,{'key': '/type/author'},"London, UK"
OL2321919A,{'key': '/type/author'},
OL2387724A,{'key': '/type/author'},
OL3175986A,{'key': '/type/author'},
OL1296800A,{'key': '/type/author'},"New York City, NY"
OL199670A,{'key': '/type/author'},
OL2162648A,{'key': '/type/author'},
OL1394682A,{'key': '/type/author'},
OL1491464A,{'key': '/type/author'},
OL133274A,{'key': '/type/author'},
OL1394986A,{'key': '/type/author'},"Toronto, Ontario, Canada"
OL1648450A,{'key': '/type/author'},
OL19464A,{'key': '/type/author'},"Murrells Inlet, SC"
OL2410387A,{'key': '/type/author'},
OL1163003A,{'key': '/type/author'},
OL2763A,{'key': '/type/author'},
OL1087055A,{'key': '/type/redirect'},/authors/OL21218A
OL130931A,{'key': '/type/author'},
OL1633244A,{'key': '/type/author'},
OL1907605A,{'key': '/type/author'},"Belgrade, Serbia"
OL223298A,{'key': '/type/author'},
OL2447112A,{'key': '/type/author'},
OL18121A,{'key': '/type/author'},
OL1984754A,{'key': '/type/author'},
OL1358379A,{'key': '/type/author'},
OL1652448A,{'key': '/type/author'},
OL1681959A,{'key': '/type/author'},
OL188777A,{'key': '/type/author'},
OL189727A,{'key': '/type/author'},
OL22242A,{'key': '/type/author'},
OL227499A,{'key': '/type/author'},
OL2872752A,{'key': '/type/redirect'},/authors/OL2872748A
OL2994495A,{'key': '/type/author'},"Spring Creek, NV"
OL102973A,{'key': '/type/author'},www.riocl.dev4india.org
OL1053674A,{'key': '/type/author'},
OL1227689A,{'key': '/type/author'},
OL2829734A,{'key': '/type/author'},
OL1057776A,{'key': '/type/author'},
OL1095582A,{'key': '/type/author'},
OL128249A,{'key': '/type/author'},
OL2239140A,{'key': '/type/author'},
OL2473425A,{'key': '/type/author'},
OL2719321A,{'key': '/type/author'},
OL1385025A,{'key': '/type/author'},
OL202478A,{'key': '/type/author'},
OL245290A,{'key': '/type/author'},
OL311675A,{'key': '/type/author'},
OL1418317A,{'key': '/type/author'},
OL259734A,{'key': '/type/author'},
OL317242A,{'key': '/type/author'},
OL11149A,{'key': '/type/author'},
OL1503052A,{'key': '/type/author'},Bonn
OL20922A,{'key': '/type/author'},
OL2405969A,{'key': '/type/author'},
OL25931A,{'key': '/type/author'},Copenhagen
OL2821060A,{'key': '/type/author'},
OL2488635A,{'key': '/type/author'},
OL3134076A,{'key': '/type/author'},South Carolina
OL1802113A,{'key': '/type/author'},
OL1752274A,{'key': '/type/redirect'},/authors/OL1292951A
OL221644A,{'key': '/type/author'},
OL235485A,{'key': '/type/author'},
OL2528631A,{'key': '/type/author'},
OL123129A,{'key': '/type/author'},
OL20086A,{'key': '/type/author'},
OL23364A,{'key': '/type/author'},"Palatine, Illinois"
OL24184A,{'key': '/type/author'},
OL290325A,{'key': '/type/author'},
OL205356A,{'key': '/type/author'},
OL221461A,{'key': '/type/author'},
OL2628836A,{'key': '/type/author'},"Eugene, Oregon"
OL290775A,{'key': '/type/author'},
OL126253A,{'key': '/type/author'},
OL155003A,{'key': '/type/author'},
OL18895A,{'key': '/type/author'},
OL2228356A,{'key': '/type/author'},
OL1614273A,{'key': '/type/author'},"Merida, Venezuela"
OL1720474A,{'key': '/type/author'},Weidenhausen
OL223133A,{'key': '/type/author'},
OL2384791A,{'key': '/type/author'},
OL28743A,{'key': '/type/author'},
OL3112869A,{'key': '/type/author'},
OL4061556A,{'key': '/type/author'},
OL1074736A,{'key': '/type/author'},"Kennydale, Washington"
OL1539542A,{'key': '/type/author'},
OL2201793A,{'key': '/type/author'},
OL23251A,{'key': '/type/author'},
OL455684A,{'key': '/type/author'},
OL1590665A,{'key': '/type/author'},
OL1761372A,{'key': '/type/author'},
OL242646A,{'key': '/type/author'},"Hunterdon County, NJ"
OL293029A,{'key': '/type/author'},
OL3185225A,{'key': '/type/author'},
OL32568A,{'key': '/type/author'},
OL432375A,{'key': '/type/author'},
OL46033A,{'key': '/type/author'},
OL133235A,{'key': '/type/author'},
OL4495048A,{'key': '/type/author'},
OL135291A,{'key': '/type/author'},
OL18750A,{'key': '/type/author'},"Pasadena, CA"
OL3085577A,{'key': '/type/author'},
OL471650A,{'key': '/type/author'},
OL4786767A,{'key': '/type/author'},
OL129262A,{'key': '/type/author'},
OL1936383A,{'key': '/type/author'},
OL2137377A,{'key': '/type/author'},
OL2557333A,{'key': '/type/author'},
OL2764001A,{'key': '/type/author'},
OL3590680A,{'key': '/type/redirect'},/authors/OL3590679A
OL4759388A,{'key': '/type/author'},UK
OL1034838A,{'key': '/type/author'},kogi state
OL154572A,{'key': '/type/author'},
OL1673740A,{'key': '/type/author'},
OL23919A,{'key': '/type/author'},
OL3169281A,{'key': '/type/author'},
OL385916A,{'key': '/type/author'},
OL484370A,{'key': '/type/author'},
OL1230986A,{'key': '/type/author'},
OL1130697A,{'key': '/type/author'},
OL349156A,{'key': '/type/author'},
OL4950433A,{'key': '/type/author'},
OL153373A,{'key': '/type/author'},
OL228405A,{'key': '/type/author'},"Belgrade, Serbia"
OL33841A,{'key': '/type/author'},
OL495636A,{'key': '/type/author'},
OL140700A,{'key': '/type/author'},
OL321671A,{'key': '/type/author'},
OL374391A,{'key': '/type/author'},
OL3823734A,{'key': '/type/author'},
OL388011A,{'key': '/type/author'},
OL129571A,{'key': '/type/author'},
OL132915A,{'key': '/type/author'},
OL1354006A,{'key': '/type/author'},"Pennsylvania, Bethel Pa"
OL2356136A,{'key': '/type/author'},Den Haag
OL2660318A,{'key': '/type/author'},
OL462398A,{'key': '/type/author'},"Portland, Oregon, USA"
OL357735A,{'key': '/type/author'},
OL4587302A,{'key': '/type/author'},
OL5119952A,{'key': '/type/author'},
OL2622088A,{'key': '/type/author'},
OL3789715A,{'key': '/type/redirect'},/authors/OL2997251A
OL477423A,{'key': '/type/author'},
OL113385A,{'key': '/type/author'},
OL192953A,{'key': '/type/author'},
OL200394A,{'key': '/type/author'},"Los Angeles, CA"
OL2314403A,{'key': '/type/author'},
OL2984214A,{'key': '/type/author'},"Longwood, FLorida"
OL340487A,{'key': '/type/author'},
OL1841A,{'key': '/type/author'},
OL2673831A,{'key': '/type/author'},
OL4728806A,{'key': '/type/author'},UK
OL1719861A,{'key': '/type/author'},
OL2199815A,{'key': '/type/author'},"Guatemala, de la Asunción."
OL105936A,{'key': '/type/author'},
OL1370956A,{'key': '/type/author'},
OL1933244A,{'key': '/type/author'},
OL2265561A,{'key': '/type/author'},
OL2334834A,{'key': '/type/author'},Weimar Thüringen Deutschland
OL3612445A,{'key': '/type/author'},Curacao Netherlands Antilles
OL3748819A,{'key': '/type/author'},
OL4666181A,{'key': '/type/author'},
OL104006A,{'key': '/type/author'},
OL1043768A,{'key': '/type/author'},
OL1446318A,{'key': '/type/author'},
OL1587767A,{'key': '/type/author'},
OL1689645A,{'key': '/type/author'},
OL1991991A,{'key': '/type/author'},
OL172188A,{'key': '/type/author'},
OL1788302A,{'key': '/type/author'},
OL2348970A,{'key': '/type/author'},
OL2854405A,{'key': '/type/author'},
OL435460A,{'key': '/type/author'},"Xalapa, Veracruz, México."
OL4814418A,{'key': '/type/author'},
OL4838593A,{'key': '/type/redirect'},/authors/OL959341A
OL5179274A,{'key': '/type/redirect'},/authors/OL1162102A
OL1578557A,{'key': '/type/author'},Shkup
OL1979802A,{'key': '/type/author'},
OL288396A,{'key': '/type/author'},
OL3115201A,{'key': '/type/author'},
OL1637A,{'key': '/type/author'},
OL1823450A,{'key': '/type/author'},
OL18295A,{'key': '/type/author'},
OL2180760A,{'key': '/type/author'},"Santa Barbara, CA"
OL253227A,{'key': '/type/author'},
OL2631684A,{'key': '/type/author'},USA/indian/china town baby
OL106604A,{'key': '/type/author'},
OL117298A,{'key': '/type/author'},"Basel, Switzerland"
OL123122A,{'key': '/type/author'},
OL1878216A,{'key': '/type/author'},
OL21256A,{'key': '/type/author'},
OL3869150A,{'key': '/type/author'},
OL41785A,{'key': '/type/author'},
OL4471176A,{'key': '/type/author'},
OL154877A,{'key': '/type/author'},
OL165064A,{'key': '/type/author'},
OL2726384A,{'key': '/type/author'},
OL3236098A,{'key': '/type/redirect'},/authors/OL2686786A
OL402789A,{'key': '/type/author'},Shepparton
OL522192A,{'key': '/type/author'},
OL1120045A,{'key': '/type/author'},
OL1443637A,{'key': '/type/author'},
OL220265A,{'key': '/type/author'},
OL22161A,{'key': '/type/author'},"Providence (Rhode Island, USA)"
OL4113517A,{'key': '/type/author'},
OL1050930A,{'key': '/type/author'},"Madrid, Spain"
OL1399232A,{'key': '/type/author'},"Kikinda, Serbia"
OL1802206A,{'key': '/type/author'},
OL27951A,{'key': '/type/author'},
OL486967A,{'key': '/type/author'},
OL116161A,{'key': '/type/author'},
OL12823A,{'key': '/type/author'},
OL1696049A,{'key': '/type/author'},
OL24103A,{'key': '/type/author'},"Biscayne Park, FL"
OL2516143A,{'key': '/type/author'},
OL281445A,{'key': '/type/author'},
OL4451022A,{'key': '/type/author'},
OL1092179A,{'key': '/type/author'},
OL1550974A,{'key': '/type/author'},"Wilmington, Vermont"
OL1760305A,{'key': '/type/author'},
OL2101042A,{'key': '/type/author'},
OL240991A,{'key': '/type/author'},
OL5080659A,{'key': '/type/author'},UK
OL1446330A,{'key': '/type/author'},
OL160165A,{'key': '/type/author'},
OL247309A,{'key': '/type/author'},"Haddonfield, NJ"
OL398533A,{'key': '/type/author'},"South Hadley, Massachusetts, USA"
OL1434967A,{'key': '/type/author'},
OL2544127A,{'key': '/type/author'},
OL3783475A,{'key': '/type/author'},me no know
OL4236065A,{'key': '/type/author'},
OL30113A,{'key': '/type/author'},
OL30490A,{'key': '/type/author'},
OL3384992A,{'key': '/type/author'},
OL344218A,{'key': '/type/author'},
OL50873A,{'key': '/type/author'},
OL1053500A,{'key': '/type/author'},
OL211081A,{'key': '/type/author'},Jalan Pasifik Indah II 27 Tanjung Ria Base-G Pasir Dua Jayapura Utara Irian Jaya (Papua) 99117
OL3741736A,{'key': '/type/redirect'},/authors/OL3741735A
OL4821915A,{'key': '/type/author'},
OL5158876A,{'key': '/type/author'},
OL1061400A,{'key': '/type/author'},
OL22022A,{'key': '/type/author'},
OL113810A,{'key': '/type/author'},
OL2795107A,{'key': '/type/redirect'},/authors/OL92071A
OL31727A,{'key': '/type/author'},
OL34221A,{'key': '/type/author'},
OL41560A,{'key': '/type/author'},
OL4188727A,{'key': '/type/author'},
OL4754341A,{'key': '/type/redirect'},/authors/OL3321665A
OL128320A,{'key': '/type/author'},
OL130940A,{'key': '/type/author'},
OL1836880A,{'key': '/type/author'},
OL356589A,{'key': '/type/author'},
OL134960A,{'key': '/type/author'},
OL1549567A,{'key': '/type/author'},
OL160777A,{'key': '/type/author'},"Amherst, Massachusetts"
OL2349539A,{'key': '/type/author'},
OL377314A,{'key': '/type/author'},
OL4416743A,{'key': '/type/author'},Paddhari - Gujarat - India
OL1055928A,{'key': '/type/author'},
OL143476A,{'key': '/type/author'},
OL2674893A,{'key': '/type/author'},
OL293781A,{'key': '/type/author'},
OL3771030A,{'key': '/type/author'},"Philadelphia, Pennsylvania"
OL502300A,{'key': '/type/author'},
OL162260A,{'key': '/type/author'},
OL165705A,{'key': '/type/author'},
OL227751A,{'key': '/type/author'},"Georgia, U.S.A."
OL1867343A,{'key': '/type/author'},
OL314543A,{'key': '/type/author'},
OL417445A,{'key': '/type/author'},
OL1294664A,{'key': '/type/author'},"Lanreath, Cornwall, UK"
OL1373544A,{'key': '/type/author'},
OL1436430A,{'key': '/type/author'},
OL15521A,{'key': '/type/author'},
OL236174A,{'key': '/type/author'},
OL3588143A,{'key': '/type/author'},Florida
OL4288141A,{'key': '/type/author'},
OL1061173A,{'key': '/type/author'},
OL207696A,{'key': '/type/author'},
OL162052A,{'key': '/type/author'},
OL231873A,{'key': '/type/author'},
OL2562363A,{'key': '/type/author'},
OL26681A,{'key': '/type/author'},
OL1084433A,{'key': '/type/author'},Den Haag
OL1414432A,{'key': '/type/author'},
OL2390624A,{'key': '/type/author'},"Aberdeen, Scotland; Llanelli, Wales; Cardiff, Wales."
OL2633288A,{'key': '/type/author'},
OL454519A,{'key': '/type/author'},
OL2335857A,{'key': '/type/author'},
OL280947A,{'key': '/type/author'},
OL292934A,{'key': '/type/author'},
OL372832A,{'key': '/type/author'},"Gilbert, AZ"
OL1006546A,{'key': '/type/author'},Florida and the Philippines
OL3009784A,{'key': '/type/author'},
OL356135A,{'key': '/type/author'},
OL3767425A,{'key': '/type/author'},"Little Rock, Arkansas"
OL502053A,{'key': '/type/author'},
OL3256040A,{'key': '/type/author'},"Worcester, England"
OL1163700A,{'key': '/type/author'},
OL135471A,{'key': '/type/author'},
OL1622153A,{'key': '/type/author'},
OL2518871A,{'key': '/type/author'},
OL25895A,{'key': '/type/author'},Cape Cod
OL3131674A,{'key': '/type/author'},"Cape Cod, Ma."
OL3184690A,{'key': '/type/author'},
OL4064396A,{'key': '/type/author'},
OL4484042A,{'key': '/type/author'},
OL1064101A,{'key': '/type/author'},
OL120933A,{'key': '/type/author'},
OL122017A,{'key': '/type/author'},
OL1458530A,{'key': '/type/author'},
OL1696429A,{'key': '/type/author'},
OL23178A,{'key': '/type/author'},
OL2599210A,{'key': '/type/author'},
OL2239761A,{'key': '/type/author'},
OL3216283A,{'key': '/type/author'},
OL108070A,{'key': '/type/author'},
OL237227A,{'key': '/type/author'},"Miami, FL"
OL340770A,{'key': '/type/author'},
OL2160688A,{'key': '/type/author'},
OL2627552A,{'key': '/type/author'},
OL2775158A,{'key': '/type/author'},
OL478722A,{'key': '/type/author'},
OL1316741A,{'key': '/type/author'},braga
OL160588A,{'key': '/type/author'},
OL22358A,{'key': '/type/author'},
OL233017A,{'key': '/type/author'},
OL154978A,{'key': '/type/author'},
OL1840652A,{'key': '/type/author'},Bucureşti
OL244612A,{'key': '/type/author'},
OL35039A,{'key': '/type/author'},"Gstaad, Switzerland"
OL39937A,{'key': '/type/author'},"Dunsany Castle, Meath County, Ireland"
OL414960A,{'key': '/type/author'},
OL4329846A,{'key': '/type/author'},"Hermanus, South Africa"
OL11428A,{'key': '/type/author'},
OL120597A,{'key': '/type/author'},
OL155060A,{'key': '/type/author'},
OL238932A,{'key': '/type/author'},
OL4903934A,{'key': '/type/author'},Denmark
OL1411156A,{'key': '/type/author'},Toronto
OL2513180A,{'key': '/type/author'},
OL39120A,{'key': '/type/author'},
OL396053A,{'key': '/type/author'},
OL3190824A,{'key': '/type/author'},
OL3326541A,{'key': '/type/author'},"Narragansett, RI"
OL406304A,{'key': '/type/author'},"New York City, NY"
OL4820858A,{'key': '/type/author'},
OL5035985A,{'key': '/type/author'},
OL2395128A,{'key': '/type/author'},
OL5102692A,{'key': '/type/author'},
OL146171A,{'key': '/type/author'},
OL22060A,{'key': '/type/author'},
OL2332743A,{'key': '/type/author'},
OL2816273A,{'key': '/type/author'},"Toronto, Canada"
OL4927292A,{'key': '/type/author'},
OL1109827A,{'key': '/type/author'},
OL20735A,{'key': '/type/author'},
OL2404785A,{'key': '/type/author'},
OL3032832A,{'key': '/type/author'},
OL492408A,{'key': '/type/author'},la concha de tu hermana
OL188452A,{'key': '/type/author'},
OL2405972A,{'key': '/type/author'},
OL3868295A,{'key': '/type/author'},New York City
OL18181A,{'key': '/type/author'},
OL2000619A,{'key': '/type/author'},
OL2474878A,{'key': '/type/author'},
OL48230A,{'key': '/type/author'},
OL117105A,{'key': '/type/author'},
OL1542061A,{'key': '/type/author'},
OL2763989A,{'key': '/type/author'},
OL364467A,{'key': '/type/author'},
OL4826037A,{'key': '/type/redirect'},/authors/OL267581A
OL492204A,{'key': '/type/author'},
OL19767A,{'key': '/type/author'},
OL2072926A,{'key': '/type/author'},
OL360564A,{'key': '/type/author'},
OL3741820A,{'key': '/type/author'},
OL4678145A,{'key': '/type/author'},
OL4751964A,{'key': '/type/author'},
OL1791703A,{'key': '/type/author'},
OL21816A,{'key': '/type/author'},
OL254750A,{'key': '/type/author'},"Oshkosh, Wisconson"
OL265277A,{'key': '/type/author'},Toronto
OL1155860A,{'key': '/type/author'},
OL165553A,{'key': '/type/author'},
OL2075850A,{'key': '/type/author'},
OL2178820A,{'key': '/type/author'},
OL24708A,{'key': '/type/author'},"Los Angeles, CA"
OL2623461A,{'key': '/type/author'},
OL2779310A,{'key': '/type/author'},"Birmingham, England"
OL365301A,{'key': '/type/author'},
OL1034703A,{'key': '/type/author'},Rottenburg a. N.
OL1454319A,{'key': '/type/author'},
OL1638151A,{'key': '/type/author'},Poznań
OL25873A,{'key': '/type/author'},"Weston, Connecticut"
OL2686786A,{'key': '/type/author'},
OL333794A,{'key': '/type/author'},London
OL450897A,{'key': '/type/author'},
OL1457651A,{'key': '/type/author'},
OL161167A,{'key': '/type/author'},
OL19731A,{'key': '/type/author'},California
OL2003285A,{'key': '/type/author'},
OL2131592A,{'key': '/type/author'},
OL2728506A,{'key': '/type/author'},Jerusalem
OL3729211A,{'key': '/type/author'},
OL4476361A,{'key': '/type/author'},
OL1384765A,{'key': '/type/author'},
OL2779309A,{'key': '/type/author'},
OL29655A,{'key': '/type/author'},
OL4180090A,{'key': '/type/author'},
OL1861770A,{'key': '/type/author'},
OL187950A,{'key': '/type/author'},Brăila
OL20680A,{'key': '/type/author'},"New York, NY"
OL226688A,{'key': '/type/author'},U.S.A. (Louisiana)
OL2865796A,{'key': '/type/author'},
OL4459663A,{'key': '/type/author'},
OL4A,{'key': '/type/author'},
OL510191A,{'key': '/type/author'},
OL2239034A,{'key': '/type/author'},
OL3027981A,{'key': '/type/author'},
OL30350A,{'key': '/type/author'},
OL5249637A,{'key': '/type/author'},
OL1052550A,{'key': '/type/author'},
OL1072031A,{'key': '/type/author'},
OL1221698A,{'key': '/type/author'},Rio de Janeiro
OL129752A,{'key': '/type/author'},
OL2165883A,{'key': '/type/author'},"Lanreath, Cornwall, UK"
OL2307824A,{'key': '/type/author'},
OL2660325A,{'key': '/type/author'},
OL351778A,{'key': '/type/author'},
OL3684319A,{'key': '/type/author'},
OL4773008A,{'key': '/type/author'},UK
OL105537A,{'key': '/type/author'},"Orissa,India"
OL122041A,{'key': '/type/author'},
OL1940789A,{'key': '/type/author'},"Tel-Aviv, Israel"
OL2130642A,{'key': '/type/author'},
OL2274196A,{'key': '/type/author'},
OL2361123A,{'key': '/type/author'},
OL32604A,{'key': '/type/author'},
OL337845A,{'key': '/type/author'},
OL42043A,{'key': '/type/author'},
OL431005A,{'key': '/type/author'},
OL1684660A,{'key': '/type/author'},"Los Angeles, CA"
OL1776952A,{'key': '/type/author'},
OL27744A,{'key': '/type/author'},
OL4374973A,{'key': '/type/author'},
OL104097A,{'key': '/type/author'},
OL109954A,{'key': '/type/author'},
OL22013A,{'key': '/type/author'},
OL26783A,{'key': '/type/author'},
OL50596A,{'key': '/type/author'},
OL149206A,{'key': '/type/author'},
OL154974A,{'key': '/type/author'},
OL2659514A,{'key': '/type/author'},"London, England"
OL27173A,{'key': '/type/author'},
OL1076548A,{'key': '/type/author'},"New York City, NY"
OL1232339A,{'key': '/type/author'},
OL152794A,{'key': '/type/author'},
OL240763A,{'key': '/type/author'},
OL2460082A,{'key': '/type/author'},
OL26594A,{'key': '/type/author'},
OL3793466A,{'key': '/type/author'},
OL4181307A,{'key': '/type/author'},"Tel-Aviv, Israel"
OL45364A,{'key': '/type/author'},"Stocklholm, Sweden"
OL4760013A,{'key': '/type/author'},"Lanreath, Cornwall, UK"
OL5259555A,{'key': '/type/author'},Bikaner
OL1029344A,{'key': '/type/author'},
OL158908A,{'key': '/type/author'},
OL186598A,{'key': '/type/author'},
OL19277A,{'key': '/type/author'},"Norwalk, Connecticut"
OL2496683A,{'key': '/type/author'},Den Haag
OL33585A,{'key': '/type/author'},"Cap Ferrat, France"
OL450852A,{'key': '/type/author'},
OL123443A,{'key': '/type/author'},
OL134942A,{'key': '/type/author'},
OL155921A,{'key': '/type/author'},
OL1818502A,{'key': '/type/author'},Bucureşti
OL205683A,{'key': '/type/author'},Delhi
OL461275A,{'key': '/type/author'},
OL118077A,{'key': '/type/author'},
OL1874811A,{'key': '/type/author'},
OL2387219A,{'key': '/type/author'},
OL34434A,{'key': '/type/author'},"Oxford, England"
OL477484A,{'key': '/type/author'},
OL4974658A,{'key': '/type/author'},
OL5439347A,{'key': '/type/author'},Iasi
OL6175477A,{'key': '/type/redirect'},/authors/OL808651A
OL123692A,{'key': '/type/author'},"Paris, France"
OL256439A,{'key': '/type/author'},
OL3701308A,{'key': '/type/author'},
OL4696140A,{'key': '/type/author'},
OL635457A,{'key': '/type/author'},"New South Wales, Australia"
OL6531836A,{'key': '/type/author'},
OL116699A,{'key': '/type/author'},
OL138994A,{'key': '/type/author'},
OL269562A,{'key': '/type/author'},
OL3627654A,{'key': '/type/author'},
OL1414326A,{'key': '/type/author'},
OL1487450A,{'key': '/type/author'},"Kathmandu, Nepal"
OL166650A,{'key': '/type/author'},
OL19905A,{'key': '/type/author'},"Inverness, FL"
OL2782024A,{'key': '/type/author'},
OL3154806A,{'key': '/type/author'},
OL620622A,{'key': '/type/author'},
OL1000823A,{'key': '/type/author'},
OL224691A,{'key': '/type/author'},
OL40553A,{'key': '/type/author'},
OL461516A,{'key': '/type/author'},
OL581426A,{'key': '/type/author'},
OL6265958A,{'key': '/type/author'},
OL6373513A,{'key': '/type/redirect'},/authors/OL726806A
OL1118497A,{'key': '/type/author'},
OL1172897A,{'key': '/type/author'},
OL155169A,{'key': '/type/author'},France
OL24105A,{'key': '/type/author'},
OL2414180A,{'key': '/type/author'},
OL2514339A,{'key': '/type/author'},
OL4281069A,{'key': '/type/author'},
OL550058A,{'key': '/type/author'},
OL13694A,{'key': '/type/author'},
OL2668A,{'key': '/type/author'},
OL34163A,{'key': '/type/author'},
OL5272739A,{'key': '/type/author'},
OL592950A,{'key': '/type/author'},"Gainesville, Florida"
OL2312090A,{'key': '/type/author'},
OL2982185A,{'key': '/type/author'},
OL13193A,{'key': '/type/author'},
OL151749A,{'key': '/type/author'},
OL18065A,{'key': '/type/author'},
OL6490561A,{'key': '/type/redirect'},/authors/OL2775158A
OL131222A,{'key': '/type/author'},
OL1726719A,{'key': '/type/author'},
OL2311053A,{'key': '/type/author'},
OL2437111A,{'key': '/type/author'},
OL31800A,{'key': '/type/author'},
OL642417A,{'key': '/type/author'},
OL134325A,{'key': '/type/author'},
OL216799A,{'key': '/type/author'},
OL26868A,{'key': '/type/author'},
OL2943947A,{'key': '/type/author'},
OL3037149A,{'key': '/type/author'},
OL4038429A,{'key': '/type/author'},
OL1107409A,{'key': '/type/author'},
OL26134A,{'key': '/type/author'},New Jersey
OL2741514A,{'key': '/type/author'},
OL3498565A,{'key': '/type/author'},"Cincinnati, Ohio, USA"
OL3714345A,{'key': '/type/author'},
OL4741880A,{'key': '/type/author'},
OL6583A,{'key': '/type/author'},
OL1107364A,{'key': '/type/author'},
OL1636011A,{'key': '/type/author'},
OL2583755A,{'key': '/type/author'},
OL3305005A,{'key': '/type/author'},
OL4760134A,{'key': '/type/author'},"Lanreath, Cornwall, UK"
OL552012A,{'key': '/type/author'},
OL639463A,{'key': '/type/author'},Menéndez y Menéndez Opus
OL26283A,{'key': '/type/author'},
OL295298A,{'key': '/type/author'},
OL317230A,{'key': '/type/author'},
OL4115311A,{'key': '/type/author'},
OL497836A,{'key': '/type/author'},
OL2074440A,{'key': '/type/author'},"St. Louis, Missouri"
OL2793576A,{'key': '/type/author'},
OL2902A,{'key': '/type/author'},
OL294501A,{'key': '/type/author'},
OL1117868A,{'key': '/type/author'},kedah
OL1172270A,{'key': '/type/author'},
OL154872A,{'key': '/type/author'},
OL196066A,{'key': '/type/author'},
OL27063A,{'key': '/type/author'},
OL3716250A,{'key': '/type/author'},www.brettchatz.blogspot.com
OL1313847A,{'key': '/type/author'},Somewhere in the Muslim regions
OL1676664A,{'key': '/type/author'},
OL1846018A,{'key': '/type/author'},
OL189995A,{'key': '/type/author'},
OL27939A,{'key': '/type/author'},
OL3032981A,{'key': '/type/author'},
OL1385171A,{'key': '/type/author'},
OL1440087A,{'key': '/type/author'},New Delhi
OL1468840A,{'key': '/type/author'},
OL148569A,{'key': '/type/author'},
OL1777010A,{'key': '/type/author'},
OL34517A,{'key': '/type/author'},
OL5695371A,{'key': '/type/author'},
OL1179334A,{'key': '/type/author'},
OL124049A,{'key': '/type/author'},
OL131118A,{'key': '/type/author'},
OL2126265A,{'key': '/type/author'},
OL254563A,{'key': '/type/author'},
OL2638363A,{'key': '/type/author'},
OL309380A,{'key': '/type/author'},
OL4455196A,{'key': '/type/author'},
OL120957A,{'key': '/type/author'},
OL1718504A,{'key': '/type/author'},
OL23437A,{'key': '/type/author'},
OL2527041A,{'key': '/type/author'},
OL3142610A,{'key': '/type/author'},
OL4208535A,{'key': '/type/author'},"Kolkata-700091, India, G-31/8, Karunamoyee Estate, Sector-II, Salt Lake City"
OL4486969A,{'key': '/type/author'},
OL1178364A,{'key': '/type/author'},
OL131793A,{'key': '/type/author'},
OL28731A,{'key': '/type/author'},
OL3267683A,{'key': '/type/author'},
OL40965A,{'key': '/type/author'},
OL431628A,{'key': '/type/author'},
OL559464A,{'key': '/type/author'},
OL114041A,{'key': '/type/author'},
OL18271A,{'key': '/type/author'},
OL1933331A,{'key': '/type/author'},
OL2820282A,{'key': '/type/author'},
OL3789381A,{'key': '/type/author'},Denver
OL390320A,{'key': '/type/author'},Arizona
OL420222A,{'key': '/type/author'},
OL126474A,{'key': '/type/author'},
OL141780A,{'key': '/type/author'},
OL2699436A,{'key': '/type/author'},
OL3073388A,{'key': '/type/author'},"Clam Gulch, Kenai Peninsula Alaska USA"
OL1555603A,{'key': '/type/author'},
OL20157A,{'key': '/type/author'},
OL4485034A,{'key': '/type/author'},
OL507557A,{'key': '/type/author'},
OL5561552A,{'key': '/type/author'},
OL597563A,{'key': '/type/author'},
OL605717A,{'key': '/type/author'},France
OL118038A,{'key': '/type/author'},
OL127976A,{'key': '/type/author'},
OL155641A,{'key': '/type/author'},
OL33132A,{'key': '/type/author'},
OL57938A,{'key': '/type/author'},
OL6503725A,{'key': '/type/author'},"Boston, US"
OL1389338A,{'key': '/type/author'},
OL151432A,{'key': '/type/author'},
OL1676239A,{'key': '/type/author'},
OL1944383A,{'key': '/type/author'},
OL22466A,{'key': '/type/author'},
OL2341001A,{'key': '/type/author'},
OL2380245A,{'key': '/type/author'},"Kenosha, WI"
OL3031844A,{'key': '/type/author'},Oregon
OL5417897A,{'key': '/type/author'},
OL5480046A,{'key': '/type/author'},
OL1420982A,{'key': '/type/author'},
OL2235898A,{'key': '/type/author'},Amerika
OL248608A,{'key': '/type/author'},"Nashville, TN"
OL266207A,{'key': '/type/author'},
OL395577A,{'key': '/type/author'},New Zealand
OL4281043A,{'key': '/type/author'},
OL472845A,{'key': '/type/author'},
OL4989699A,{'key': '/type/author'},
OL6388043A,{'key': '/type/author'},
OL1514611A,{'key': '/type/author'},"Clayton, North Carolina"
OL288792A,{'key': '/type/author'},
OL4170554A,{'key': '/type/author'},"Bogotá, Madrid, Santiago"
OL1482143A,{'key': '/type/author'},USA
OL2227580A,{'key': '/type/author'},
OL2644486A,{'key': '/type/author'},
OL114004A,{'key': '/type/author'},
OL114698A,{'key': '/type/author'},
OL1510648A,{'key': '/type/author'},
OL237627A,{'key': '/type/author'},"St. Louis, MO"
OL2396519A,{'key': '/type/author'},
OL2481178A,{'key': '/type/author'},
OL2677562A,{'key': '/type/author'},
OL39465A,{'key': '/type/author'},
OL4327866A,{'key': '/type/author'},
OL1168604A,{'key': '/type/author'},"Cobadin, Constanţa"
OL134384A,{'key': '/type/author'},
OL1479386A,{'key': '/type/author'},
OL160088A,{'key': '/type/author'},
OL1824716A,{'key': '/type/author'},California
OL2237732A,{'key': '/type/author'},
OL3014560A,{'key': '/type/redirect'},/authors/OL290095A
OL312024A,{'key': '/type/author'},
OL3926027A,{'key': '/type/author'},Croatia
OL49143A,{'key': '/type/author'},
OL5051398A,{'key': '/type/author'},
OL509325A,{'key': '/type/author'},
OL1030788A,{'key': '/type/author'},
OL112761A,{'key': '/type/author'},
OL1755751A,{'key': '/type/author'},
OL226216A,{'key': '/type/author'},
OL552454A,{'key': '/type/author'},
OL640908A,{'key': '/type/author'},
OL16774A,{'key': '/type/author'},
OL31126A,{'key': '/type/author'},"Dorset, UK"
OL1056832A,{'key': '/type/author'},
OL1410948A,{'key': '/type/author'},
OL148937A,{'key': '/type/author'},
OL375997A,{'key': '/type/author'},
OL39242A,{'key': '/type/author'},
OL4473968A,{'key': '/type/author'},
OL5718385A,{'key': '/type/redirect'},/authors/OL1487450A
OL1501088A,{'key': '/type/author'},
OL259843A,{'key': '/type/author'},
OL287997A,{'key': '/type/author'},
OL53370A,{'key': '/type/author'},"Kragujevac, Serbia"
OL566106A,{'key': '/type/author'},"Gurudwara Road , Civil Lines , Buxar ( Bihar ) INDIA ."
OL1230443A,{'key': '/type/author'},
OL179659A,{'key': '/type/author'},Mumbai
OL181391A,{'key': '/type/author'},
OL1875750A,{'key': '/type/author'},
OL4625334A,{'key': '/type/author'},
OL475140A,{'key': '/type/author'},
OL48043A,{'key': '/type/author'},
OL638202A,{'key': '/type/author'},
OL143302A,{'key': '/type/author'},
OL1554219A,{'key': '/type/author'},
OL173245A,{'key': '/type/author'},
OL1895251A,{'key': '/type/author'},
OL21836A,{'key': '/type/author'},
OL226057A,{'key': '/type/author'},
OL2536572A,{'key': '/type/author'},
OL3190621A,{'key': '/type/redirect'},/authors/OL1065057A
OL350277A,{'key': '/type/author'},
OL4405744A,{'key': '/type/author'},
OL4728578A,{'key': '/type/author'},
OL56960A,{'key': '/type/author'},
OL102616A,{'key': '/type/author'},
OL1344855A,{'key': '/type/author'},"Lanreath, Cornwall, UK"
OL1636111A,{'key': '/type/author'},
OL1919547A,{'key': '/type/author'},
OL279921A,{'key': '/type/author'},
OL4778633A,{'key': '/type/author'},
OL557667A,{'key': '/type/author'},
OL6494627A,{'key': '/type/redirect'},/authors/OL4995382A
OL1069070A,{'key': '/type/author'},
OL154683A,{'key': '/type/author'},
OL2092101A,{'key': '/type/author'},
OL248707A,{'key': '/type/author'},
OL3205196A,{'key': '/type/author'},"Sundborn, Falun, Sweden"
OL3316210A,{'key': '/type/author'},
OL395519A,{'key': '/type/author'},
OL5199954A,{'key': '/type/redirect'},/authors/OL502648A
OL1003539A,{'key': '/type/author'},
OL1163377A,{'key': '/type/author'},
OL139110A,{'key': '/type/author'},
OL1464920A,{'key': '/type/author'},
OL1512828A,{'key': '/type/author'},
OL1942875A,{'key': '/type/author'},
OL32657A,{'key': '/type/author'},
OL4579773A,{'key': '/type/author'},
OL52180A,{'key': '/type/author'},
OL61330A,{'key': '/type/author'},
OL1102297A,{'key': '/type/author'},Leerdam
OL1173452A,{'key': '/type/author'},
OL1388077A,{'key': '/type/author'},
OL495278A,{'key': '/type/author'},
OL103589A,{'key': '/type/author'},"Bangalore, INDIA"
OL291454A,{'key': '/type/author'},
OL1905960A,{'key': '/type/author'},
OL2021799A,{'key': '/type/author'},
OL21095A,{'key': '/type/author'},
OL2401750A,{'key': '/type/author'},
OL24562A,{'key': '/type/author'},"Springfield, OR"
OL1385267A,{'key': '/type/author'},
OL1613733A,{'key': '/type/author'},
OL262453A,{'key': '/type/author'},
OL441152A,{'key': '/type/author'},
OL4832843A,{'key': '/type/author'},
OL145315A,{'key': '/type/author'},
OL2073368A,{'key': '/type/author'},
OL22586A,{'key': '/type/author'},
OL2262387A,{'key': '/type/author'},"Sydney, Australia"
OL2673967A,{'key': '/type/author'},
OL3057235A,{'key': '/type/author'},
OL3567710A,{'key': '/type/author'},"England, U.K."
OL233499A,{'key': '/type/author'},
OL384308A,{'key': '/type/author'},
OL1179993A,{'key': '/type/author'},
OL1578421A,{'key': '/type/author'},
OL172856A,{'key': '/type/author'},
OL3035205A,{'key': '/type/author'},Texas
OL3849671A,{'key': '/type/author'},Canada
OL417775A,{'key': '/type/author'},
OL65966A,{'key': '/type/author'},"Stockholm, Sweden"
OL1010397A,{'key': '/type/author'},
OL1044A,{'key': '/type/author'},
OL129331A,{'key': '/type/author'},
OL18331A,{'key': '/type/author'},
OL194665A,{'key': '/type/author'},
OL6204747A,{'key': '/type/author'},
OL151233A,{'key': '/type/author'},
OL1606114A,{'key': '/type/author'},
OL212711A,{'key': '/type/author'},hanapin mo nlng
OL2307216A,{'key': '/type/author'},
OL25963A,{'key': '/type/author'},
OL108452A,{'key': '/type/author'},
OL161396A,{'key': '/type/author'},
OL1831013A,{'key': '/type/author'},
OL2151267A,{'key': '/type/author'},
OL2283312A,{'key': '/type/author'},
OL2691081A,{'key': '/type/redirect'},/authors/OL947807A
OL4816084A,{'key': '/type/author'},
OL1296261A,{'key': '/type/author'},
OL2645427A,{'key': '/type/author'},
OL3430632A,{'key': '/type/author'},
OL3597986A,{'key': '/type/author'},
OL473714A,{'key': '/type/author'},
OL1191446A,{'key': '/type/author'},"Lanreath, Cornwall, UK"
OL450295A,{'key': '/type/author'},
OL4971723A,{'key': '/type/author'},
OL55278A,{'key': '/type/author'},
OL59666A,{'key': '/type/author'},
OL1373895A,{'key': '/type/author'},Poland
OL24001A,{'key': '/type/author'},
OL29586A,{'key': '/type/author'},London
OL13192A,{'key': '/type/author'},
OL1341521A,{'key': '/type/author'},INDIA
OL1629325A,{'key': '/type/author'},
OL1945979A,{'key': '/type/author'},
OL21875A,{'key': '/type/author'},
OL2387711A,{'key': '/type/author'},
OL277886A,{'key': '/type/author'},Drobeta-Turnu Severin
OL302671A,{'key': '/type/author'},"Ilorin, Nigeria"
OL4183910A,{'key': '/type/author'},México
OL6603012A,{'key': '/type/author'},Nairobi
OL113829A,{'key': '/type/author'},
OL1535221A,{'key': '/type/author'},
OL1958574A,{'key': '/type/author'},
OL224075A,{'key': '/type/author'},
OL2476802A,{'key': '/type/author'},"Indonesia, rizalsgu@yahoo.com or rizal_gueci@yahoo.de"
OL274069A,{'key': '/type/author'},
OL3203204A,{'key': '/type/author'},
OL322638A,{'key': '/type/author'},
OL3776876A,{'key': '/type/author'},Los Angeles
OL5502449A,{'key': '/type/author'},
OL1221234A,{'key': '/type/author'},
OL139614A,{'key': '/type/author'},
OL1511978A,{'key': '/type/author'},
OL18319A,{'key': '/type/author'},
OL19617A,{'key': '/type/author'},
OL2622837A,{'key': '/type/author'},"La Jolla, California"
OL2820800A,{'key': '/type/author'},
OL28257A,{'key': '/type/author'},
OL3865619A,{'key': '/type/author'},Edinburgh
OL5526736A,{'key': '/type/author'},
OL55996A,{'key': '/type/author'},USA
OL561656A,{'key': '/type/author'},
OL13066A,{'key': '/type/author'},
OL2165317A,{'key': '/type/author'},
OL4982453A,{'key': '/type/author'},
OL551567A,{'key': '/type/author'},
OL59004A,{'key': '/type/author'},
OL117307A,{'key': '/type/author'},
OL1724770A,{'key': '/type/author'},
OL31867A,{'key': '/type/author'},"Washington, USA"
OL357652A,{'key': '/type/author'},Abengourou- Côte d'Ivoire
OL638151A,{'key': '/type/author'},
OL1163280A,{'key': '/type/author'},
OL137438A,{'key': '/type/author'},
OL1973038A,{'key': '/type/author'},"Ft. Lauderdale, Florida"
OL2175130A,{'key': '/type/author'},
OL2658516A,{'key': '/type/author'},
OL288198A,{'key': '/type/author'},
OL10736A,{'key': '/type/author'},
OL2120425A,{'key': '/type/author'},
OL2251289A,{'key': '/type/author'},
OL2341488A,{'key': '/type/author'},
OL24072A,{'key': '/type/author'},
OL30249A,{'key': '/type/author'},
OL305300A,{'key': '/type/author'},
OL323407A,{'key': '/type/author'},"Hollywood, CA"
OL39281A,{'key': '/type/author'},
OL49766A,{'key': '/type/author'},
OL145988A,{'key': '/type/author'},
OL1544170A,{'key': '/type/author'},
OL2572415A,{'key': '/type/author'},
OL28298A,{'key': '/type/author'},
OL1532931A,{'key': '/type/author'},
OL20133A,{'key': '/type/author'},
OL2645309A,{'key': '/type/author'},
OL26758A,{'key': '/type/author'},"Paris, France"
OL2040192A,{'key': '/type/author'},"Odense, Denmark"
OL2196159A,{'key': '/type/author'},
OL2900518A,{'key': '/type/author'},USA
OL3274887A,{'key': '/type/author'},"Lanreath, Cornwall, UK"
OL346181A,{'key': '/type/author'},
OL4140597A,{'key': '/type/author'},
OL454009A,{'key': '/type/author'},
OL4671520A,{'key': '/type/author'},
OL5206A,{'key': '/type/author'},"Tirupparaithurai, Trichy District, Tamilnadu State, INDIA"
OL5527391A,{'key': '/type/author'},
OL6609040A,{'key': '/type/author'},"Belgrade, Serbia"
OL667062A,{'key': '/type/author'},"Dundee, Scotland"
OL67411A,{'key': '/type/author'},
OL154859A,{'key': '/type/author'},
OL244123A,{'key': '/type/author'},
OL448937A,{'key': '/type/author'},"Boonvile, NY"
OL4751965A,{'key': '/type/redirect'},/authors/OL4751964A
OL5433529A,{'key': '/type/author'},
OL1468705A,{'key': '/type/author'},
OL222524A,{'key': '/type/author'},
OL2721519A,{'key': '/type/author'},
OL3131887A,{'key': '/type/author'},"Southaven, Ms"
OL3856355A,{'key': '/type/author'},
OL4331255A,{'key': '/type/author'},
OL5084116A,{'key': '/type/author'},
OL6383665A,{'key': '/type/author'},
OL1205487A,{'key': '/type/author'},
OL2812503A,{'key': '/type/author'},
OL44125A,{'key': '/type/author'},
OL49700A,{'key': '/type/author'},
OL1218763A,{'key': '/type/author'},
OL1541281A,{'key': '/type/author'},
OL1959199A,{'key': '/type/author'},
OL21255A,{'key': '/type/author'},
OL239800A,{'key': '/type/author'},
OL276364A,{'key': '/type/author'},"New York City, NY"
OL4714626A,{'key': '/type/author'},
OL5917221A,{'key': '/type/author'},
OL128166A,{'key': '/type/author'},
OL1386359A,{'key': '/type/author'},"Antwerp, NY"
OL2405825A,{'key': '/type/author'},Germany
OL2623583A,{'key': '/type/author'},England
OL3860718A,{'key': '/type/author'},kgk
OL631698A,{'key': '/type/author'},
OL6789974A,{'key': '/type/author'},
OL1460559A,{'key': '/type/author'},
OL154901A,{'key': '/type/author'},
OL1743496A,{'key': '/type/author'},
OL5136144A,{'key': '/type/author'},
OL6795007A,{'key': '/type/author'},
OL1133829A,{'key': '/type/author'},
OL290094A,{'key': '/type/author'},"Leeds, United Kingdom"
OL38397A,{'key': '/type/author'},
OL6603130A,{'key': '/type/author'},"Sofia, Bulgaria"
OL6787643A,{'key': '/type/author'},
OL155538A,{'key': '/type/author'},
OL21001A,{'key': '/type/author'},
OL3790828A,{'key': '/type/author'},
OL6565077A,{'key': '/type/author'},
OL1422456A,{'key': '/type/author'},
OL222428A,{'key': '/type/author'},
OL1715087A,{'key': '/type/author'},Southampton
OL215622A,{'key': '/type/author'},
OL287084A,{'key': '/type/author'},
OL4633561A,{'key': '/type/author'},
OL53931A,{'key': '/type/author'},
OL5469338A,{'key': '/type/author'},internet
OL1425768A,{'key': '/type/author'},
OL1577275A,{'key': '/type/redirect'},/authors/OL278396A
OL21506A,{'key': '/type/author'},
OL2986024A,{'key': '/type/author'},
OL394640A,{'key': '/type/author'},
OL4368163A,{'key': '/type/author'},
OL4796197A,{'key': '/type/redirect'},/authors/OL3319143A
OL4927277A,{'key': '/type/author'},
OL5507660A,{'key': '/type/author'},Denpasar-Bali
OL579613A,{'key': '/type/author'},
OL1532140A,{'key': '/type/author'},
OL219019A,{'key': '/type/author'},
OL2346464A,{'key': '/type/author'},
OL3169466A,{'key': '/type/author'},
OL3217666A,{'key': '/type/author'},
OL394410A,{'key': '/type/author'},
OL61051A,{'key': '/type/author'},
OL1296020A,{'key': '/type/author'},
OL1781238A,{'key': '/type/author'},
OL2533482A,{'key': '/type/author'},Edinburgh
OL5345486A,{'key': '/type/author'},
OL5861311A,{'key': '/type/author'},
OL613683A,{'key': '/type/author'},
OL6553684A,{'key': '/type/author'},
OL6731659A,{'key': '/type/author'},
OL1096272A,{'key': '/type/author'},
OL3581393A,{'key': '/type/author'},
OL4586796A,{'key': '/type/author'},
OL5230562A,{'key': '/type/author'},Bucureşti
OL582554A,{'key': '/type/author'},
OL149229A,{'key': '/type/author'},
OL18074A,{'key': '/type/author'},
OL231965A,{'key': '/type/author'},England
OL27278A,{'key': '/type/author'},"Dublin, Ireland"
OL33764A,{'key': '/type/author'},
OL348803A,{'key': '/type/author'},
OL3752222A,{'key': '/type/author'},
OL4181535A,{'key': '/type/author'},
OL52922A,{'key': '/type/author'},
OL529531A,{'key': '/type/author'},
OL595024A,{'key': '/type/author'},
OL6162356A,{'key': '/type/author'},Trois-Rivières
OL115024A,{'key': '/type/author'},
OL239410A,{'key': '/type/author'},"Brooklyn, New York, USA"
OL25712A,{'key': '/type/author'},
OL31901A,{'key': '/type/author'},
OL3739360A,{'key': '/type/author'},
OL3866191A,{'key': '/type/author'},
OL5698486A,{'key': '/type/author'},
OL58757A,{'key': '/type/author'},
OL588525A,{'key': '/type/author'},
OL618844A,{'key': '/type/author'},
OL6296304A,{'key': '/type/author'},
OL639288A,{'key': '/type/author'},
OL6605989A,{'key': '/type/author'},
OL1127847A,{'key': '/type/author'},
OL145109A,{'key': '/type/author'},
OL1520963A,{'key': '/type/author'},
OL183769A,{'key': '/type/author'},
OL2140282A,{'key': '/type/author'},
OL26173A,{'key': '/type/author'},yeah
OL29235A,{'key': '/type/author'},
OL39307A,{'key': '/type/author'},
OL6725644A,{'key': '/type/author'},
OL197755A,{'key': '/type/author'},
OL319279A,{'key': '/type/author'},
OL153720A,{'key': '/type/author'},
OL24136A,{'key': '/type/author'},
OL29881A,{'key': '/type/author'},"Hartfield, East Sussex, England"
OL356436A,{'key': '/type/author'},
OL6784289A,{'key': '/type/author'},
OL1063608A,{'key': '/type/author'},
OL127530A,{'key': '/type/author'},
OL1822548A,{'key': '/type/author'},
OL286118A,{'key': '/type/author'},
OL28641A,{'key': '/type/author'},
OL62400A,{'key': '/type/author'},
OL1943139A,{'key': '/type/author'},
OL216967A,{'key': '/type/author'},
OL2920667A,{'key': '/type/author'},
OL529347A,{'key': '/type/author'},
OL1235607A,{'key': '/type/author'},
OL128919A,{'key': '/type/author'},
OL3928059A,{'key': '/type/author'},
OL5545716A,{'key': '/type/author'},
OL598564A,{'key': '/type/author'},
OL673325A,{'key': '/type/author'},
OL153837A,{'key': '/type/author'},
OL1755216A,{'key': '/type/author'},"New York City, NY"
OL2243573A,{'key': '/type/author'},
OL233814A,{'key': '/type/author'},
OL237146A,{'key': '/type/author'},
OL296085A,{'key': '/type/author'},
OL443951A,{'key': '/type/author'},"Williamsburg, Virginia"
OL1160263A,{'key': '/type/author'},
OL146299A,{'key': '/type/author'},Milano
OL2195571A,{'key': '/type/author'},"Lobira, South sudan"
OL239775A,{'key': '/type/author'},
OL2433192A,{'key': '/type/author'},
OL2872748A,{'key': '/type/redirect'},/authors/OL957281A
OL6503761A,{'key': '/type/author'},
OL2745809A,{'key': '/type/author'},
OL152472A,{'key': '/type/author'},"Paris, France"
OL1720901A,{'key': '/type/author'},Craiova
OL1731656A,{'key': '/type/author'},
OL18485A,{'key': '/type/author'},
OL198348A,{'key': '/type/author'},
OL319347A,{'key': '/type/author'},
OL4239136A,{'key': '/type/redirect'},/authors/OL417445A
OL5285168A,{'key': '/type/author'},
OL181777A,{'key': '/type/author'},
OL1872868A,{'key': '/type/author'},
OL223734A,{'key': '/type/author'},Singapore
OL2495936A,{'key': '/type/author'},
OL2944035A,{'key': '/type/author'},
OL32574A,{'key': '/type/author'},
OL50923A,{'key': '/type/author'},
OL5238643A,{'key': '/type/author'},
OL6784290A,{'key': '/type/author'},
OL3494174A,{'key': '/type/author'},
OL3601045A,{'key': '/type/author'},
OL4891271A,{'key': '/type/author'},
OL5390249A,{'key': '/type/author'},
OL6392871A,{'key': '/type/author'},Amsterdam
OL6481323A,{'key': '/type/author'},Poland
OL6629540A,{'key': '/type/author'},
OL23361A,{'key': '/type/author'},
OL309703A,{'key': '/type/author'},
OL6499962A,{'key': '/type/redirect'},/authors/OL6499961A
OL166905A,{'key': '/type/author'},
OL39718A,{'key': '/type/author'},
OL4111052A,{'key': '/type/author'},
OL45415A,{'key': '/type/author'},
OL5786491A,{'key': '/type/redirect'},/authors/OL678816A
OL6795062A,{'key': '/type/author'},
OL108091A,{'key': '/type/author'},"kushtia, Bangladesh"
OL21219A,{'key': '/type/author'},
OL286399A,{'key': '/type/author'},
OL33146A,{'key': '/type/author'},
OL5644677A,{'key': '/type/author'},
OL5650960A,{'key': '/type/author'},
OL6708339A,{'key': '/type/author'},
OL24981A,{'key': '/type/author'},
OL2746328A,{'key': '/type/author'},"Brooklyn, NY"
OL2943305A,{'key': '/type/author'},
OL414502A,{'key': '/type/author'},
OL4486547A,{'key': '/type/author'},
OL54248A,{'key': '/type/author'},
OL5491684A,{'key': '/type/author'},
OL1180584A,{'key': '/type/author'},editura junimea
OL149424A,{'key': '/type/author'},
OL2133402A,{'key': '/type/author'},
OL2330572A,{'key': '/type/author'},
OL3355894A,{'key': '/type/author'},
OL3854050A,{'key': '/type/author'},"Russian Academy of Sciences Institute of Cell Biophysics, Pushchino, Moscow Region"
OL5497406A,{'key': '/type/author'},karachi
OL6744371A,{'key': '/type/author'},
OL1370600A,{'key': '/type/author'},
OL2119078A,{'key': '/type/author'},
OL22672A,{'key': '/type/author'},
OL2392686A,{'key': '/type/author'},
OL3989684A,{'key': '/type/author'},
OL584377A,{'key': '/type/author'},"Prescott, AZ"
OL1217380A,{'key': '/type/author'},
OL141473A,{'key': '/type/author'},
OL1628384A,{'key': '/type/author'},
OL1676742A,{'key': '/type/author'},
OL2201951A,{'key': '/type/author'},Bad Nauheim
OL319561A,{'key': '/type/author'},
OL1493465A,{'key': '/type/author'},"Jakarta, Indonesia"
OL1892583A,{'key': '/type/author'},
OL268811A,{'key': '/type/author'},
OL3309269A,{'key': '/type/author'},
OL47061A,{'key': '/type/author'},
OL47499A,{'key': '/type/author'},
OL129543A,{'key': '/type/author'},
OL156850A,{'key': '/type/author'},
OL2966555A,{'key': '/type/author'},"Kenai, Alaska"
OL4389139A,{'key': '/type/redirect'},/authors/OL114541A
OL6551386A,{'key': '/type/author'},
OL1677995A,{'key': '/type/author'},
OL2039040A,{'key': '/type/author'},
OL2314464A,{'key': '/type/author'},
OL2319277A,{'key': '/type/author'},
OL2890A,{'key': '/type/author'},
OL4121776A,{'key': '/type/author'},
OL492907A,{'key': '/type/author'},
OL537205A,{'key': '/type/author'},
OL1654795A,{'key': '/type/author'},
OL377179A,{'key': '/type/author'},
OL40943A,{'key': '/type/author'},
OL446538A,{'key': '/type/author'},
OL6002564A,{'key': '/type/author'},
OL6551378A,{'key': '/type/author'},"St Andrews, Scotland"
OL1452096A,{'key': '/type/author'},"London, England"
OL3072681A,{'key': '/type/author'},"Roosevelt, Utah  U.S.A."
OL335680A,{'key': '/type/author'},
OL3522379A,{'key': '/type/author'},Northern California
OL4411963A,{'key': '/type/author'},
OL659964A,{'key': '/type/author'},
OL1987932A,{'key': '/type/author'},
OL293192A,{'key': '/type/author'},"Kragujevac, Serbia"
OL3451305A,{'key': '/type/author'},
OL1647202A,{'key': '/type/author'},
OL4573974A,{'key': '/type/redirect'},/authors/OL1781238A
OL5481650A,{'key': '/type/author'},
OL580944A,{'key': '/type/author'},
OL678198A,{'key': '/type/author'},
OL119715A,{'key': '/type/author'},"Paris, France"
OL1242413A,{'key': '/type/author'},
OL1416646A,{'key': '/type/author'},
OL1732580A,{'key': '/type/author'},
OL22098A,{'key': '/type/author'},England
OL2709233A,{'key': '/type/author'},
OL438710A,{'key': '/type/author'},
OL547463A,{'key': '/type/author'},
OL5809595A,{'key': '/type/author'},Nürnberg
OL118053A,{'key': '/type/author'},
OL1394244A,{'key': '/type/author'},
OL2220453A,{'key': '/type/author'},
OL1961802A,{'key': '/type/author'},
OL23781A,{'key': '/type/author'},
OL25633A,{'key': '/type/author'},
OL42795A,{'key': '/type/author'},
OL442995A,{'key': '/type/author'},"England, U.K."
OL4763532A,{'key': '/type/author'},
OL485982A,{'key': '/type/author'},
OL534229A,{'key': '/type/author'},
OL564284A,{'key': '/type/author'},Picos - Piauí - Brasil
OL5849440A,{'key': '/type/redirect'},/authors/OL3319143A
OL1042137A,{'key': '/type/author'},
OL104365A,{'key': '/type/author'},
OL1629572A,{'key': '/type/author'},
OL1659633A,{'key': '/type/author'},
OL4565818A,{'key': '/type/author'},
OL47465A,{'key': '/type/author'},
OL4760175A,{'key': '/type/author'},
OL501394A,{'key': '/type/author'},
OL6106571A,{'key': '/type/author'},
OL1264407A,{'key': '/type/author'},
OL346124A,{'key': '/type/author'},
OL4394030A,{'key': '/type/author'},
OL6598876A,{'key': '/type/author'},
OL1420265A,{'key': '/type/author'},
OL1512548A,{'key': '/type/author'},
OL281279A,{'key': '/type/author'},
OL2985047A,{'key': '/type/author'},
OL3729242A,{'key': '/type/author'},
OL1008937A,{'key': '/type/author'},
OL130569A,{'key': '/type/author'},
OL1512705A,{'key': '/type/author'},
OL391405A,{'key': '/type/author'},
OL39634A,{'key': '/type/author'},
OL478901A,{'key': '/type/author'},
OL1135794A,{'key': '/type/author'},
OL1318147A,{'key': '/type/author'},
OL1845599A,{'key': '/type/author'},
OL190777A,{'key': '/type/author'},
OL21656A,{'key': '/type/author'},"Los Angeles, CA"
OL2513957A,{'key': '/type/author'},
OL537980A,{'key': '/type/author'},
OL248539A,{'key': '/type/author'},
OL42565A,{'key': '/type/author'},
OL6554441A,{'key': '/type/author'},
OL6804521A,{'key': '/type/author'},
OL1114501A,{'key': '/type/author'},
OL1454419A,{'key': '/type/author'},
OL2308147A,{'key': '/type/author'},
OL2631898A,{'key': '/type/author'},Maine; New England
OL441531A,{'key': '/type/author'},
OL5269542A,{'key': '/type/author'},"England, U.K."
OL6137397A,{'key': '/type/author'},http://www.medjugorje.ws/it/
OL1091364A,{'key': '/type/author'},
OL119693A,{'key': '/type/author'},
OL1337284A,{'key': '/type/author'},
OL2485004A,{'key': '/type/author'},
OL31482A,{'key': '/type/author'},
OL671710A,{'key': '/type/author'},"Norway, Denmark"
OL1317234A,{'key': '/type/author'},
OL151373A,{'key': '/type/author'},
OL2315545A,{'key': '/type/author'},
OL26539A,{'key': '/type/author'},"New York City, NY"
OL3771508A,{'key': '/type/author'},
OL442655A,{'key': '/type/author'},
OL4582551A,{'key': '/type/author'},"Training Collge Road, Kumta, Uttara Kannada, Karnataka (India) 581343"
OL5078510A,{'key': '/type/author'},"Plymouth, UK"
OL141510A,{'key': '/type/author'},"Uppsala, Sweden"
OL151961A,{'key': '/type/author'},
OL182332A,{'key': '/type/author'},http://lapecerarevista.blogspot.com/
OL1954849A,{'key': '/type/author'},
OL2738599A,{'key': '/type/author'},
OL4839966A,{'key': '/type/author'},
OL1554066A,{'key': '/type/author'},
OL2083169A,{'key': '/type/author'},
OL5500407A,{'key': '/type/author'},
OL643660A,{'key': '/type/author'},
OL2469659A,{'key': '/type/author'},
OL1081241A,{'key': '/type/author'},
OL2328289A,{'key': '/type/author'},
OL506465A,{'key': '/type/author'},
OL66601A,{'key': '/type/author'},
OL1643612A,{'key': '/type/author'},
OL1745141A,{'key': '/type/author'},
OL188318A,{'key': '/type/author'},
OL2000076A,{'key': '/type/author'},
OL204401A,{'key': '/type/author'},New York
OL2385417A,{'key': '/type/author'},
OL25926A,{'key': '/type/author'},"Berkeley, CA"
OL332315A,{'key': '/type/author'},
OL5929731A,{'key': '/type/author'},
OL602797A,{'key': '/type/author'},
OL1185842A,{'key': '/type/author'},Singapore
OL1423899A,{'key': '/type/author'},
OL1433745A,{'key': '/type/author'},
OL2748402A,{'key': '/type/author'},"Hollywood, CA"
OL3485262A,{'key': '/type/author'},
OL438947A,{'key': '/type/author'},
OL2231703A,{'key': '/type/author'},
OL2722863A,{'key': '/type/author'},Etats-Unis
OL2930917A,{'key': '/type/author'},
OL6521069A,{'key': '/type/author'},"England, U.K."
OL155810A,{'key': '/type/author'},
OL22105A,{'key': '/type/author'},
OL2460646A,{'key': '/type/author'},
OL282701A,{'key': '/type/author'},
OL286210A,{'key': '/type/author'},Alicante
OL2963382A,{'key': '/type/author'},"Berlin, New Hampshire"
OL516998A,{'key': '/type/author'},
OL54758A,{'key': '/type/author'},
OL1723608A,{'key': '/type/author'},
OL2105962A,{'key': '/type/author'},
OL21218A,{'key': '/type/author'},"New York City, NY"
OL25186A,{'key': '/type/author'},
OL291895A,{'key': '/type/author'},
OL30266A,{'key': '/type/author'},
OL329552A,{'key': '/type/author'},
OL33016A,{'key': '/type/author'},
OL382287A,{'key': '/type/author'},
OL15201A,{'key': '/type/author'},
OL22945A,{'key': '/type/author'},
OL2924648A,{'key': '/type/author'},
OL2927916A,{'key': '/type/author'},
OL4279317A,{'key': '/type/author'},
OL1635903A,{'key': '/type/author'},Saint montan en ardèche
OL1804776A,{'key': '/type/author'},
OL19496A,{'key': '/type/author'},
OL3020562A,{'key': '/type/author'},
OL38853A,{'key': '/type/author'},
OL4995709A,{'key': '/type/author'},
OL6713004A,{'key': '/type/author'},
OL6787668A,{'key': '/type/author'},
OL1042835A,{'key': '/type/author'},"Philadelphia, PA"
OL1354474A,{'key': '/type/author'},"Cincinnati, Ohio"
OL155023A,{'key': '/type/author'},
OL388179A,{'key': '/type/author'},
OL5855581A,{'key': '/type/author'},
OL105306A,{'key': '/type/author'},
OL2627043A,{'key': '/type/author'},
OL356641A,{'key': '/type/author'},
OL4404132A,{'key': '/type/author'},
OL4429427A,{'key': '/type/redirect'},/authors/OL814126A
OL4669853A,{'key': '/type/author'},"Gujarat, India."
OL1180577A,{'key': '/type/author'},
OL1337517A,{'key': '/type/author'},
OL2241897A,{'key': '/type/author'},"Harrisburg, PA"
OL240999A,{'key': '/type/author'},
OL619917A,{'key': '/type/author'},
OL127055A,{'key': '/type/author'},Moineşti
OL18374A,{'key': '/type/author'},
OL2028585A,{'key': '/type/author'},lamongan
OL247356A,{'key': '/type/author'},
OL2561537A,{'key': '/type/author'},
OL26320A,{'key': '/type/author'},
OL2658408A,{'key': '/type/author'},
OL2684626A,{'key': '/type/author'},
OL5154642A,{'key': '/type/author'},London UK
OL6027463A,{'key': '/type/author'},
OL661285A,{'key': '/type/author'},
OL190966A,{'key': '/type/author'},
OL2308329A,{'key': '/type/author'},
OL6577620A,{'key': '/type/author'},
OL671179A,{'key': '/type/author'},
OL131910A,{'key': '/type/author'},
OL5132590A,{'key': '/type/author'},
OL591137A,{'key': '/type/author'},
OL21831A,{'key': '/type/author'},
OL238242A,{'key': '/type/author'},
OL2487041A,{'key': '/type/author'},PARIS-FRANCE
OL2921864A,{'key': '/type/author'},
OL332422A,{'key': '/type/author'},
OL4211904A,{'key': '/type/author'},
OL5584002A,{'key': '/type/author'},
OL345305A,{'key': '/type/author'},
OL4282257A,{'key': '/type/author'},
OL4325877A,{'key': '/type/author'},
OL475838A,{'key': '/type/author'},
OL1179328A,{'key': '/type/author'},
OL1970832A,{'key': '/type/author'},
OL1695114A,{'key': '/type/author'},
OL18977A,{'key': '/type/author'},"Boonsboro, Maryland, U.S.A."
OL2305206A,{'key': '/type/author'},"Stockholm, Sweden"
OL23431A,{'key': '/type/author'},
OL24638A,{'key': '/type/author'},
OL276417A,{'key': '/type/author'},
OL333834A,{'key': '/type/author'},
OL4087027A,{'key': '/type/author'},
OL421122A,{'key': '/type/author'},
OL4887352A,{'key': '/type/author'},
OL59110A,{'key': '/type/author'},
OL1391454A,{'key': '/type/author'},
OL146605A,{'key': '/type/author'},"Encino, CA"
OL2309487A,{'key': '/type/author'},
OL276249A,{'key': '/type/author'},
OL3523398A,{'key': '/type/author'},Kazaure Nigeria
OL35839A,{'key': '/type/author'},
OL539875A,{'key': '/type/author'},
OL160959A,{'key': '/type/author'},
OL2058908A,{'key': '/type/redirect'},/authors/OL293781A
OL2842761A,{'key': '/type/author'},
OL3412115A,{'key': '/type/author'},
OL4414116A,{'key': '/type/author'},
OL1162523A,{'key': '/type/author'},
OL1180558A,{'key': '/type/author'},
OL1569763A,{'key': '/type/author'},
OL3361571A,{'key': '/type/redirect'},/authors/OL1437590A
OL2249519A,{'key': '/type/author'},
OL2623697A,{'key': '/type/author'},"England, U.K."
OL31598A,{'key': '/type/author'},"Hawthorne, NY"
